ID,Düşman,Aile,Bölgeler,Rol,Seviye,Can,Deste,İmza kartı,Oynanış,Karşı hamle,Kaynak sayfalar,Sanat durumu
karah-crawler-izci,Karah / Sürü — İzci,karah-crawler,Korvengrad / Serath,tempo,normal,22,32,İzci / Zift Larvası,Ucuz birimleri önce oynar; açık enerji bırakıp ilk saldırıyı yoklar.,Erken alan hasarı ve ucuz engelleyiciler.,"3,4,5,6,72",özel illüstrasyon üretim kuyruğunda
karah-crawler-surucu,Karah / Sürü — Sürücü,karah-crawler,Korvengrad / Serath,swarm,normal,22,32,Sürücü / Duvar Sürüneni,En az üç birimle saldırır; tek büyük hedefe kaynak harcamaz.,Geniş alan temizliği; yaratılan küçük birimleri kes.,"3,4,5,6,72",özel illüstrasyon üretim kuyruğunda
karah-crawler-avci,Karah / Sürü — Avcı,karah-crawler,Korvengrad / Serath,mark,normal,22,32,Avcı / Katedral Tırmanıcısı,Yaralı ve işaretli hedeflere odaklanır; kaldırma büyüsünü şampiyona saklar.,İşareti temizle; savunma öncesi şifa.,"3,4,5,6,72",özel illüstrasyon üretim kuyruğunda
karah-crawler-muhafiz,Karah / Sürü — Muhafız,karah-crawler,Korvengrad / Serath,guard,normal,22,32,Muhafız / Çatlak Çene,Savunma önceliklidir; komşu korumaları aynı sırada tutar.,Susturma ve farklı hedeflere bölünmüş hasar.,"3,4,5,6,72",özel illüstrasyon üretim kuyruğunda
karah-crawler-duellocu,Karah / Sürü — Düellocu,karah-crawler,Korvengrad / Serath,single,normal,22,32,Düellocu / Kör Pençe,Tek saldırganını güçlendirir; diğerlerini savunma için bırakır.,Güçlendirme bittikten sonra hedef kaldırma.,"3,4,5,6,72",özel illüstrasyon üretim kuyruğunda
karah-crawler-kusatmaci,Karah / Sürü — Kuşatmacı,karah-crawler,Korvengrad / Serath,siege,normal,22,32,Kuşatmacı / Kambur Takipçi,Altıncı tura kadar ağır tehdit kurar; küçük tehditleri takas eder.,Altıncı turdan önce baskı; ağır kart maliyetini artır.,"3,4,5,6,72",özel illüstrasyon üretim kuyruğunda
karah-crawler-pusucu,Karah / Sürü — Pusucu,karah-crawler,Korvengrad / Serath,ambush,normal,22,32,Pusucu / Tavan Avcısı,Rakip saldırı hazırladıktan sonra kaynak harcar; sırayı acele etmez.,Pas geçerek tepkisini boşa çıkar; saldırı hazırlığında incele.,"3,4,5,6,72",özel illüstrasyon üretim kuyruğunda
karah-crawler-buyucu,Karah / Sürü — Ritüelci,karah-crawler,Korvengrad / Serath,spell,normal,22,32,Ritüelci / Çokbacak,Birim yerine büyü ekonomisini korur; iki büyülük komboyu bekler.,Sessizleştirme; karşı hamle enerjisini tüket.,"3,4,5,6,72",özel illüstrasyon üretim kuyruğunda
karah-crawler-toplayici,Karah / Sürü — Toplayıcı,karah-crawler,Korvengrad / Serath,resource,normal,22,32,Toplayıcı / Koku Arayıcısı,Kart çeken düşük maliyetli birimleri korur; elini altının altında tutmaz.,Kaynak üreten birimleri öncelikli hedefle.,"3,4,5,6,72",özel illüstrasyon üretim kuyruğunda
karah-crawler-karsici,Karah / Sürü — Karşıcı,karah-crawler,Korvengrad / Serath,counter,normal,22,32,Karşıcı / Kemik Taşıyıcı,Rakibin pahalı büyüsünü bekler; en az iki enerji açık bırakır.,Ucuz yem büyüleri; bir turda iki ayrı tehdit.,"3,4,5,6,72",özel illüstrasyon üretim kuyruğunda
karah-crawler-dirilen,Karah / Sürü — Dönen,karah-crawler,Korvengrad / Serath,recursion,normal,22,32,Dönen / Sürü Öncüsü,Kayıp birimlerini eline geri alır; ilk ölümü avantaj sayar.,Sürgün; geri alma kartı kullanılmadan baskı.,"3,4,5,6,72",özel illüstrasyon üretim kuyruğunda
karah-crawler-donusturucu,Karah / Sürü — Dönüştürücü,karah-crawler,Korvengrad / Serath,evolve,normal,22,32,Dönüştürücü / Karah Anaç,Üç aile kartından sonra ana tehdidi büyütür; kazanım sayacı görünürdür.,Üçüncü karttan önce ana tehdidi kaldır.,"3,4,5,6,72",özel illüstrasyon üretim kuyruğunda
karah-crawler-tuketici,Karah / Sürü — Tüketici,karah-crawler,Korvengrad / Serath,attrition,normal,22,32,Tüketici / Zift Larvası,Savunmada küçük takaslarla eli ve canı aşındırır.,Kart avantajı üret; uzun tur döngüsünden kaçın.,"3,4,5,6,72",özel illüstrasyon üretim kuyruğunda
karah-crawler-koruyucu,Karah / Sürü — Koruyucu,karah-crawler,Korvengrad / Serath,support,normal,22,32,Koruyucu / Duvar Sürüneni,Destek birimini arka sırada korur; yaralıları saldırıya çıkarmaz.,Destek hedefini kaldır; komşuluk zincirini böl.,"3,4,5,6,72",özel illüstrasyon üretim kuyruğunda
karah-crawler-elit,Karah / Sürü — Elit,karah-crawler,Korvengrad / Serath,mixed,elite,28,32,Elit / Katedral Tırmanıcısı,"Önce savunma kurar, sonra maliyet 4+ tehditle saldırır; tek kombo yerine iki planı vardır.",Maliyetli tehdidi beklet; ilk savunma kaynağını zorla.,"3,4,5,6,72",özel illüstrasyon üretim kuyruğunda
karah-crawler-reis,Karah / Sürü — Reis,karah-crawler,Korvengrad / Serath,boss,boss,36,32,Reis / Çatlak Çene,Üç tur kurulumdan sonra komuta hücumu; yarı canda ikinci faza geçer.,Üçüncü tur öncesi hazırlık; faz geçişine iki cevap sakla.,"3,4,5,6,72",özel illüstrasyon üretim kuyruğunda
karah-armored-izci,Karah / Zırhlı — İzci,karah-armored,Korvengrad / Shi Qra,tempo,normal,22,32,İzci / Plaka Kıran,Ucuz birimleri önce oynar; açık enerji bırakıp ilk saldırıyı yoklar.,Erken alan hasarı ve ucuz engelleyiciler.,"5,6,72",özel illüstrasyon üretim kuyruğunda
karah-armored-surucu,Karah / Zırhlı — Sürücü,karah-armored,Korvengrad / Shi Qra,swarm,normal,22,32,Sürücü / Demir Omurga,En az üç birimle saldırır; tek büyük hedefe kaynak harcamaz.,Geniş alan temizliği; yaratılan küçük birimleri kes.,"5,6,72",özel illüstrasyon üretim kuyruğunda
karah-armored-avci,Karah / Zırhlı — Avcı,karah-armored,Korvengrad / Shi Qra,mark,normal,22,32,Avcı / Kırık Miğfer,Yaralı ve işaretli hedeflere odaklanır; kaldırma büyüsünü şampiyona saklar.,İşareti temizle; savunma öncesi şifa.,"5,6,72",özel illüstrasyon üretim kuyruğunda
karah-armored-muhafiz,Karah / Zırhlı — Muhafız,karah-armored,Korvengrad / Shi Qra,guard,normal,22,32,Muhafız / Zift Omuz,Savunma önceliklidir; komşu korumaları aynı sırada tutar.,Susturma ve farklı hedeflere bölünmüş hasar.,"5,6,72",özel illüstrasyon üretim kuyruğunda
karah-armored-duellocu,Karah / Zırhlı — Düellocu,karah-armored,Korvengrad / Shi Qra,single,normal,22,32,Düellocu / Kule Yıkan,Tek saldırganını güçlendirir; diğerlerini savunma için bırakır.,Güçlendirme bittikten sonra hedef kaldırma.,"5,6,72",özel illüstrasyon üretim kuyruğunda
karah-armored-kusatmaci,Karah / Zırhlı — Kuşatmacı,karah-armored,Korvengrad / Shi Qra,siege,normal,22,32,Kuşatmacı / Çelik Çene,Altıncı tura kadar ağır tehdit kurar; küçük tehditleri takas eder.,Altıncı turdan önce baskı; ağır kart maliyetini artır.,"5,6,72",özel illüstrasyon üretim kuyruğunda
karah-armored-pusucu,Karah / Zırhlı — Pusucu,karah-armored,Korvengrad / Shi Qra,ambush,normal,22,32,Pusucu / Kabuk Muhafızı,Rakip saldırı hazırladıktan sonra kaynak harcar; sırayı acele etmez.,Pas geçerek tepkisini boşa çıkar; saldırı hazırlığında incele.,"5,6,72",özel illüstrasyon üretim kuyruğunda
karah-armored-buyucu,Karah / Zırhlı — Ritüelci,karah-armored,Korvengrad / Shi Qra,spell,normal,22,32,Ritüelci / Ağır Pençe,Birim yerine büyü ekonomisini korur; iki büyülük komboyu bekler.,Sessizleştirme; karşı hamle enerjisini tüket.,"5,6,72",özel illüstrasyon üretim kuyruğunda
karah-armored-toplayici,Karah / Zırhlı — Toplayıcı,karah-armored,Korvengrad / Shi Qra,resource,normal,22,32,Toplayıcı / Omurga Yığını,Kart çeken düşük maliyetli birimleri korur; elini altının altında tutmaz.,Kaynak üreten birimleri öncelikli hedefle.,"5,6,72",özel illüstrasyon üretim kuyruğunda
karah-armored-karsici,Karah / Zırhlı — Karşıcı,karah-armored,Korvengrad / Shi Qra,counter,normal,22,32,Karşıcı / Kara Koç,Rakibin pahalı büyüsünü bekler; en az iki enerji açık bırakır.,Ucuz yem büyüleri; bir turda iki ayrı tehdit.,"5,6,72",özel illüstrasyon üretim kuyruğunda
karah-armored-dirilen,Karah / Zırhlı — Dönen,karah-armored,Korvengrad / Shi Qra,recursion,normal,22,32,Dönen / Hisar Deviren,Kayıp birimlerini eline geri alır; ilk ölümü avantaj sayar.,Sürgün; geri alma kartı kullanılmadan baskı.,"5,6,72",özel illüstrasyon üretim kuyruğunda
karah-armored-donusturucu,Karah / Zırhlı — Dönüştürücü,karah-armored,Korvengrad / Shi Qra,evolve,normal,22,32,Dönüştürücü / Karah Kabuklu,Üç aile kartından sonra ana tehdidi büyütür; kazanım sayacı görünürdür.,Üçüncü karttan önce ana tehdidi kaldır.,"5,6,72",özel illüstrasyon üretim kuyruğunda
karah-armored-tuketici,Karah / Zırhlı — Tüketici,karah-armored,Korvengrad / Shi Qra,attrition,normal,22,32,Tüketici / Plaka Kıran,Savunmada küçük takaslarla eli ve canı aşındırır.,Kart avantajı üret; uzun tur döngüsünden kaçın.,"5,6,72",özel illüstrasyon üretim kuyruğunda
karah-armored-koruyucu,Karah / Zırhlı — Koruyucu,karah-armored,Korvengrad / Shi Qra,support,normal,22,32,Koruyucu / Demir Omurga,Destek birimini arka sırada korur; yaralıları saldırıya çıkarmaz.,Destek hedefini kaldır; komşuluk zincirini böl.,"5,6,72",özel illüstrasyon üretim kuyruğunda
karah-armored-elit,Karah / Zırhlı — Elit,karah-armored,Korvengrad / Shi Qra,mixed,elite,28,32,Elit / Kırık Miğfer,"Önce savunma kurar, sonra maliyet 4+ tehditle saldırır; tek kombo yerine iki planı vardır.",Maliyetli tehdidi beklet; ilk savunma kaynağını zorla.,"5,6,72",özel illüstrasyon üretim kuyruğunda
karah-armored-reis,Karah / Zırhlı — Reis,karah-armored,Korvengrad / Shi Qra,boss,boss,36,32,Reis / Zift Omuz,Üç tur kurulumdan sonra komuta hücumu; yarı canda ikinci faza geçer.,Üçüncü tur öncesi hazırlık; faz geçişine iki cevap sakla.,"5,6,72",özel illüstrasyon üretim kuyruğunda
karah-stalker-izci,Karah / Pusu — İzci,karah-stalker,Kül Tarlaları / Aldemir,tempo,normal,22,32,İzci / Kül Koklayan,Ucuz birimleri önce oynar; açık enerji bırakıp ilk saldırıyı yoklar.,Erken alan hasarı ve ucuz engelleyiciler.,"4,6,19,72",özel illüstrasyon üretim kuyruğunda
karah-stalker-surucu,Karah / Pusu — Sürücü,karah-stalker,Kül Tarlaları / Aldemir,swarm,normal,22,32,Sürücü / Yarık Sürüneni,En az üç birimle saldırır; tek büyük hedefe kaynak harcamaz.,Geniş alan temizliği; yaratılan küçük birimleri kes.,"4,6,19,72",özel illüstrasyon üretim kuyruğunda
karah-stalker-avci,Karah / Pusu — Avcı,karah-stalker,Kül Tarlaları / Aldemir,mark,normal,22,32,Avcı / Gece Pençesi,Yaralı ve işaretli hedeflere odaklanır; kaldırma büyüsünü şampiyona saklar.,İşareti temizle; savunma öncesi şifa.,"4,6,19,72",özel illüstrasyon üretim kuyruğunda
karah-stalker-muhafiz,Karah / Pusu — Muhafız,karah-stalker,Kül Tarlaları / Aldemir,guard,normal,22,32,Muhafız / Sırt Takipçisi,Savunma önceliklidir; komşu korumaları aynı sırada tutar.,Susturma ve farklı hedeflere bölünmüş hasar.,"4,6,19,72",özel illüstrasyon üretim kuyruğunda
karah-stalker-duellocu,Karah / Pusu — Düellocu,karah-stalker,Kül Tarlaları / Aldemir,single,normal,22,32,Düellocu / Kör Göz,Tek saldırganını güçlendirir; diğerlerini savunma için bırakır.,Güçlendirme bittikten sonra hedef kaldırma.,"4,6,19,72",özel illüstrasyon üretim kuyruğunda
karah-stalker-kusatmaci,Karah / Pusu — Kuşatmacı,karah-stalker,Kül Tarlaları / Aldemir,siege,normal,22,32,Kuşatmacı / Bozuk Siluet,Altıncı tura kadar ağır tehdit kurar; küçük tehditleri takas eder.,Altıncı turdan önce baskı; ağır kart maliyetini artır.,"4,6,19,72",özel illüstrasyon üretim kuyruğunda
karah-stalker-pusucu,Karah / Pusu — Pusucu,karah-stalker,Kül Tarlaları / Aldemir,ambush,normal,22,32,Pusucu / Karanlık Kanca,Rakip saldırı hazırladıktan sonra kaynak harcar; sırayı acele etmez.,Pas geçerek tepkisini boşa çıkar; saldırı hazırlığında incele.,"4,6,19,72",özel illüstrasyon üretim kuyruğunda
karah-stalker-buyucu,Karah / Pusu — Ritüelci,karah-stalker,Kül Tarlaları / Aldemir,spell,normal,22,32,Ritüelci / Sinsi Diş,Birim yerine büyü ekonomisini korur; iki büyülük komboyu bekler.,Sessizleştirme; karşı hamle enerjisini tüket.,"4,6,19,72",özel illüstrasyon üretim kuyruğunda
karah-stalker-toplayici,Karah / Pusu — Toplayıcı,karah-stalker,Kül Tarlaları / Aldemir,resource,normal,22,32,Toplayıcı / Zift Gözcüsü,Kart çeken düşük maliyetli birimleri korur; elini altının altında tutmaz.,Kaynak üreten birimleri öncelikli hedefle.,"4,6,19,72",özel illüstrasyon üretim kuyruğunda
karah-stalker-karsici,Karah / Pusu — Karşıcı,karah-stalker,Kül Tarlaları / Aldemir,counter,normal,22,32,Karşıcı / Pusu Biçeni,Rakibin pahalı büyüsünü bekler; en az iki enerji açık bırakır.,Ucuz yem büyüleri; bir turda iki ayrı tehdit.,"4,6,19,72",özel illüstrasyon üretim kuyruğunda
karah-stalker-dirilen,Karah / Pusu — Dönen,karah-stalker,Kül Tarlaları / Aldemir,recursion,normal,22,32,Dönen / Gölge Karah,Kayıp birimlerini eline geri alır; ilk ölümü avantaj sayar.,Sürgün; geri alma kartı kullanılmadan baskı.,"4,6,19,72",özel illüstrasyon üretim kuyruğunda
karah-stalker-donusturucu,Karah / Pusu — Dönüştürücü,karah-stalker,Kül Tarlaları / Aldemir,evolve,normal,22,32,Dönüştürücü / Sessiz Eklem,Üç aile kartından sonra ana tehdidi büyütür; kazanım sayacı görünürdür.,Üçüncü karttan önce ana tehdidi kaldır.,"4,6,19,72",özel illüstrasyon üretim kuyruğunda
karah-stalker-tuketici,Karah / Pusu — Tüketici,karah-stalker,Kül Tarlaları / Aldemir,attrition,normal,22,32,Tüketici / Kül Koklayan,Savunmada küçük takaslarla eli ve canı aşındırır.,Kart avantajı üret; uzun tur döngüsünden kaçın.,"4,6,19,72",özel illüstrasyon üretim kuyruğunda
karah-stalker-koruyucu,Karah / Pusu — Koruyucu,karah-stalker,Kül Tarlaları / Aldemir,support,normal,22,32,Koruyucu / Yarık Sürüneni,Destek birimini arka sırada korur; yaralıları saldırıya çıkarmaz.,Destek hedefini kaldır; komşuluk zincirini böl.,"4,6,19,72",özel illüstrasyon üretim kuyruğunda
karah-stalker-elit,Karah / Pusu — Elit,karah-stalker,Kül Tarlaları / Aldemir,mixed,elite,28,32,Elit / Gece Pençesi,"Önce savunma kurar, sonra maliyet 4+ tehditle saldırır; tek kombo yerine iki planı vardır.",Maliyetli tehdidi beklet; ilk savunma kaynağını zorla.,"4,6,19,72",özel illüstrasyon üretim kuyruğunda
karah-stalker-reis,Karah / Pusu — Reis,karah-stalker,Kül Tarlaları / Aldemir,boss,boss,36,32,Reis / Sırt Takipçisi,Üç tur kurulumdan sonra komuta hücumu; yarı canda ikinci faza geçer.,Üçüncü tur öncesi hazırlık; faz geçişine iki cevap sakla.,"4,6,19,72",özel illüstrasyon üretim kuyruğunda
korvengrad-watch-izci,Korvengrad Muhafızları — İzci,korvengrad-watch,Korvengrad / Teomli,tempo,normal,22,32,İzci / Kapı Kalkanı,Ucuz birimleri önce oynar; açık enerji bırakıp ilk saldırıyı yoklar.,Erken alan hasarı ve ucuz engelleyiciler.,"1,8,10",özel illüstrasyon üretim kuyruğunda
korvengrad-watch-surucu,Korvengrad Muhafızları — Sürücü,korvengrad-watch,Korvengrad / Teomli,swarm,normal,22,32,Sürücü / Çatı Okçusu,En az üç birimle saldırır; tek büyük hedefe kaynak harcamaz.,Geniş alan temizliği; yaratılan küçük birimleri kes.,"1,8,10",özel illüstrasyon üretim kuyruğunda
korvengrad-watch-avci,Korvengrad Muhafızları — Avcı,korvengrad-watch,Korvengrad / Teomli,mark,normal,22,32,Avcı / Fener Taşıyıcı,Yaralı ve işaretli hedeflere odaklanır; kaldırma büyüsünü şampiyona saklar.,İşareti temizle; savunma öncesi şifa.,"1,8,10",özel illüstrasyon üretim kuyruğunda
korvengrad-watch-muhafiz,Korvengrad Muhafızları — Muhafız,korvengrad-watch,Korvengrad / Teomli,guard,normal,22,32,Muhafız / Nöbet Onbaşısı,Savunma önceliklidir; komşu korumaları aynı sırada tutar.,Susturma ve farklı hedeflere bölünmüş hasar.,"1,8,10",özel illüstrasyon üretim kuyruğunda
korvengrad-watch-duellocu,Korvengrad Muhafızları — Düellocu,korvengrad-watch,Korvengrad / Teomli,single,normal,22,32,Düellocu / Kule Gözcüsü,Tek saldırganını güçlendirir; diğerlerini savunma için bırakır.,Güçlendirme bittikten sonra hedef kaldırma.,"1,8,10",özel illüstrasyon üretim kuyruğunda
korvengrad-watch-kusatmaci,Korvengrad Muhafızları — Kuşatmacı,korvengrad-watch,Korvengrad / Teomli,siege,normal,22,32,Kuşatmacı / Zincir Muhafızı,Altıncı tura kadar ağır tehdit kurar; küçük tehditleri takas eder.,Altıncı turdan önce baskı; ağır kart maliyetini artır.,"1,8,10",özel illüstrasyon üretim kuyruğunda
korvengrad-watch-pusucu,Korvengrad Muhafızları — Pusucu,korvengrad-watch,Korvengrad / Teomli,ambush,normal,22,32,Pusucu / Siper Ustası,Rakip saldırı hazırladıktan sonra kaynak harcar; sırayı acele etmez.,Pas geçerek tepkisini boşa çıkar; saldırı hazırlığında incele.,"1,8,10",özel illüstrasyon üretim kuyruğunda
korvengrad-watch-buyucu,Korvengrad Muhafızları — Ritüelci,korvengrad-watch,Korvengrad / Teomli,spell,normal,22,32,Ritüelci / Devriye Çavuşu,Birim yerine büyü ekonomisini korur; iki büyülük komboyu bekler.,Sessizleştirme; karşı hamle enerjisini tüket.,"1,8,10",özel illüstrasyon üretim kuyruğunda
korvengrad-watch-toplayici,Korvengrad Muhafızları — Toplayıcı,korvengrad-watch,Korvengrad / Teomli,resource,normal,22,32,Toplayıcı / Kent Komutanı,Kart çeken düşük maliyetli birimleri korur; elini altının altında tutmaz.,Kaynak üreten birimleri öncelikli hedefle.,"1,8,10",özel illüstrasyon üretim kuyruğunda
korvengrad-watch-karsici,Korvengrad Muhafızları — Karşıcı,korvengrad-watch,Korvengrad / Teomli,counter,normal,22,32,Karşıcı / Sokak Nöbetçisi,Rakibin pahalı büyüsünü bekler; en az iki enerji açık bırakır.,Ucuz yem büyüleri; bir turda iki ayrı tehdit.,"1,8,10",özel illüstrasyon üretim kuyruğunda
korvengrad-watch-dirilen,Korvengrad Muhafızları — Dönen,korvengrad-watch,Korvengrad / Teomli,recursion,normal,22,32,Dönen / Mızrakçı,Kayıp birimlerini eline geri alır; ilk ölümü avantaj sayar.,Sürgün; geri alma kartı kullanılmadan baskı.,"1,8,10",özel illüstrasyon üretim kuyruğunda
korvengrad-watch-donusturucu,Korvengrad Muhafızları — Dönüştürücü,korvengrad-watch,Korvengrad / Teomli,evolve,normal,22,32,Dönüştürücü / Katedral Bekçisi,Üç aile kartından sonra ana tehdidi büyütür; kazanım sayacı görünürdür.,Üçüncü karttan önce ana tehdidi kaldır.,"1,8,10",özel illüstrasyon üretim kuyruğunda
korvengrad-watch-tuketici,Korvengrad Muhafızları — Tüketici,korvengrad-watch,Korvengrad / Teomli,attrition,normal,22,32,Tüketici / Kapı Kalkanı,Savunmada küçük takaslarla eli ve canı aşındırır.,Kart avantajı üret; uzun tur döngüsünden kaçın.,"1,8,10",özel illüstrasyon üretim kuyruğunda
korvengrad-watch-koruyucu,Korvengrad Muhafızları — Koruyucu,korvengrad-watch,Korvengrad / Teomli,support,normal,22,32,Koruyucu / Çatı Okçusu,Destek birimini arka sırada korur; yaralıları saldırıya çıkarmaz.,Destek hedefini kaldır; komşuluk zincirini böl.,"1,8,10",özel illüstrasyon üretim kuyruğunda
korvengrad-watch-elit,Korvengrad Muhafızları — Elit,korvengrad-watch,Korvengrad / Teomli,mixed,elite,28,32,Elit / Fener Taşıyıcı,"Önce savunma kurar, sonra maliyet 4+ tehditle saldırır; tek kombo yerine iki planı vardır.",Maliyetli tehdidi beklet; ilk savunma kaynağını zorla.,"1,8,10",özel illüstrasyon üretim kuyruğunda
korvengrad-watch-reis,Korvengrad Muhafızları — Reis,korvengrad-watch,Korvengrad / Teomli,boss,boss,36,32,Reis / Nöbet Onbaşısı,Üç tur kurulumdan sonra komuta hücumu; yarı canda ikinci faza geçer.,Üçüncü tur öncesi hazırlık; faz geçişine iki cevap sakla.,"1,8,10",özel illüstrasyon üretim kuyruğunda
korvengrad-corrupt-izci,Korvengrad Yozlaşmış Birliği — İzci,korvengrad-corrupt,Korvengrad / Serath,tempo,normal,22,32,İzci / Mühürlü Asker,Ucuz birimleri önce oynar; açık enerji bırakıp ilk saldırıyı yoklar.,Erken alan hasarı ve ucuz engelleyiciler.,"8,10,71",özel illüstrasyon üretim kuyruğunda
korvengrad-corrupt-surucu,Korvengrad Yozlaşmış Birliği — Sürücü,korvengrad-corrupt,Korvengrad / Serath,swarm,normal,22,32,Sürücü / Kara Damar,En az üç birimle saldırır; tek büyük hedefe kaynak harcamaz.,Geniş alan temizliği; yaratılan küçük birimleri kes.,"8,10,71",özel illüstrasyon üretim kuyruğunda
korvengrad-corrupt-avci,Korvengrad Yozlaşmış Birliği — Avcı,korvengrad-corrupt,Korvengrad / Serath,mark,normal,22,32,Avcı / İnfaz Yazıcısı,Yaralı ve işaretli hedeflere odaklanır; kaldırma büyüsünü şampiyona saklar.,İşareti temizle; savunma öncesi şifa.,"8,10,71",özel illüstrasyon üretim kuyruğunda
korvengrad-corrupt-muhafiz,Korvengrad Yozlaşmış Birliği — Muhafız,korvengrad-corrupt,Korvengrad / Serath,guard,normal,22,32,Muhafız / Yozlaşmış Okçu,Savunma önceliklidir; komşu korumaları aynı sırada tutar.,Susturma ve farklı hedeflere bölünmüş hasar.,"8,10,71",özel illüstrasyon üretim kuyruğunda
korvengrad-corrupt-duellocu,Korvengrad Yozlaşmış Birliği — Düellocu,korvengrad-corrupt,Korvengrad / Serath,single,normal,22,32,Düellocu / Kör Teğmen,Tek saldırganını güçlendirir; diğerlerini savunma için bırakır.,Güçlendirme bittikten sonra hedef kaldırma.,"8,10,71",özel illüstrasyon üretim kuyruğunda
korvengrad-corrupt-kusatmaci,Korvengrad Yozlaşmış Birliği — Kuşatmacı,korvengrad-corrupt,Korvengrad / Serath,siege,normal,22,32,Kuşatmacı / Boş Miğfer,Altıncı tura kadar ağır tehdit kurar; küçük tehditleri takas eder.,Altıncı turdan önce baskı; ağır kart maliyetini artır.,"8,10,71",özel illüstrasyon üretim kuyruğunda
korvengrad-corrupt-pusucu,Korvengrad Yozlaşmış Birliği — Pusucu,korvengrad-corrupt,Korvengrad / Serath,ambush,normal,22,32,Pusucu / Katedral Celladı,Rakip saldırı hazırladıktan sonra kaynak harcar; sırayı acele etmez.,Pas geçerek tepkisini boşa çıkar; saldırı hazırlığında incele.,"8,10,71",özel illüstrasyon üretim kuyruğunda
korvengrad-corrupt-buyucu,Korvengrad Yozlaşmış Birliği — Ritüelci,korvengrad-corrupt,Korvengrad / Serath,spell,normal,22,32,Ritüelci / Paslı Komutan,Birim yerine büyü ekonomisini korur; iki büyülük komboyu bekler.,Sessizleştirme; karşı hamle enerjisini tüket.,"8,10,71",özel illüstrasyon üretim kuyruğunda
korvengrad-corrupt-toplayici,Korvengrad Yozlaşmış Birliği — Toplayıcı,korvengrad-corrupt,Korvengrad / Serath,resource,normal,22,32,Toplayıcı / Paslı Nöbetçi,Kart çeken düşük maliyetli birimleri korur; elini altının altında tutmaz.,Kaynak üreten birimleri öncelikli hedefle.,"8,10,71",özel illüstrasyon üretim kuyruğunda
korvengrad-corrupt-karsici,Korvengrad Yozlaşmış Birliği — Karşıcı,korvengrad-corrupt,Korvengrad / Serath,counter,normal,22,32,Karşıcı / Çatlak Vizör,Rakibin pahalı büyüsünü bekler; en az iki enerji açık bırakır.,Ucuz yem büyüleri; bir turda iki ayrı tehdit.,"8,10,71",özel illüstrasyon üretim kuyruğunda
korvengrad-corrupt-dirilen,Korvengrad Yozlaşmış Birliği — Dönen,korvengrad-corrupt,Korvengrad / Serath,recursion,normal,22,32,Dönen / Kayıp Devriye,Kayıp birimlerini eline geri alır; ilk ölümü avantaj sayar.,Sürgün; geri alma kartı kullanılmadan baskı.,"8,10,71",özel illüstrasyon üretim kuyruğunda
korvengrad-corrupt-donusturucu,Korvengrad Yozlaşmış Birliği — Dönüştürücü,korvengrad-corrupt,Korvengrad / Serath,evolve,normal,22,32,Dönüştürücü / Kül Lejyoneri,Üç aile kartından sonra ana tehdidi büyütür; kazanım sayacı görünürdür.,Üçüncü karttan önce ana tehdidi kaldır.,"8,10,71",özel illüstrasyon üretim kuyruğunda
korvengrad-corrupt-tuketici,Korvengrad Yozlaşmış Birliği — Tüketici,korvengrad-corrupt,Korvengrad / Serath,attrition,normal,22,32,Tüketici / Mühürlü Asker,Savunmada küçük takaslarla eli ve canı aşındırır.,Kart avantajı üret; uzun tur döngüsünden kaçın.,"8,10,71",özel illüstrasyon üretim kuyruğunda
korvengrad-corrupt-koruyucu,Korvengrad Yozlaşmış Birliği — Koruyucu,korvengrad-corrupt,Korvengrad / Serath,support,normal,22,32,Koruyucu / Kara Damar,Destek birimini arka sırada korur; yaralıları saldırıya çıkarmaz.,Destek hedefini kaldır; komşuluk zincirini böl.,"8,10,71",özel illüstrasyon üretim kuyruğunda
korvengrad-corrupt-elit,Korvengrad Yozlaşmış Birliği — Elit,korvengrad-corrupt,Korvengrad / Serath,mixed,elite,28,32,Elit / İnfaz Yazıcısı,"Önce savunma kurar, sonra maliyet 4+ tehditle saldırır; tek kombo yerine iki planı vardır.",Maliyetli tehdidi beklet; ilk savunma kaynağını zorla.,"8,10,71",özel illüstrasyon üretim kuyruğunda
korvengrad-corrupt-reis,Korvengrad Yozlaşmış Birliği — Reis,korvengrad-corrupt,Korvengrad / Serath,boss,boss,36,32,Reis / Yozlaşmış Okçu,Üç tur kurulumdan sonra komuta hücumu; yarı canda ikinci faza geçer.,Üçüncü tur öncesi hazırlık; faz geçişine iki cevap sakla.,"8,10,71",özel illüstrasyon üretim kuyruğunda
koru-jail-izci,Torg / sabah nöbeti,koru-jail,Koru / Shi Qra,tempo,normal,22,32,Torg / İzci / Maden Muhafızı,Ucuz birimleri önce oynar; açık enerji bırakıp ilk saldırıyı yoklar.,Erken alan hasarı ve ucuz engelleyiciler.,"35,36",özel illüstrasyon üretim kuyruğunda
koru-jail-surucu,Koru / Zindan Birliği — Sürücü,koru-jail,Koru / Shi Qra,swarm,normal,22,32,Sürücü / Kapı Krov’u,En az üç birimle saldırır; tek büyük hedefe kaynak harcamaz.,Geniş alan temizliği; yaratılan küçük birimleri kes.,"30,31,32,35,36",özel illüstrasyon üretim kuyruğunda
koru-jail-avci,Koru / Zindan Birliği — Avcı,koru-jail,Koru / Shi Qra,mark,normal,22,32,Avcı / Sürgü Ustası,Yaralı ve işaretli hedeflere odaklanır; kaldırma büyüsünü şampiyona saklar.,İşareti temizle; savunma öncesi şifa.,"30,31,32,35,36",özel illüstrasyon üretim kuyruğunda
koru-jail-muhafiz,Koru / Zindan Birliği — Muhafız,koru-jail,Koru / Shi Qra,guard,normal,22,32,Muhafız / Mahzen Okçusu,Savunma önceliklidir; komşu korumaları aynı sırada tutar.,Susturma ve farklı hedeflere bölünmüş hasar.,"30,31,32,35,36",özel illüstrasyon üretim kuyruğunda
koru-jail-duellocu,Koru / Zindan Birliği — Düellocu,koru-jail,Koru / Shi Qra,single,normal,22,32,Düellocu / Demir Eldiven,Tek saldırganını güçlendirir; diğerlerini savunma için bırakır.,Güçlendirme bittikten sonra hedef kaldırma.,"30,31,32,35,36",özel illüstrasyon üretim kuyruğunda
koru-jail-kusatmaci,Koru / Zindan Birliği — Kuşatmacı,koru-jail,Koru / Shi Qra,siege,normal,22,32,Kuşatmacı / Zindan Çavuşu,Altıncı tura kadar ağır tehdit kurar; küçük tehditleri takas eder.,Altıncı turdan önce baskı; ağır kart maliyetini artır.,"30,31,32,35,36",özel illüstrasyon üretim kuyruğunda
koru-jail-pusucu,Koru / Zindan Birliği — Pusucu,koru-jail,Koru / Shi Qra,ambush,normal,22,32,Pusucu / Hücre Kumandanı,Rakip saldırı hazırladıktan sonra kaynak harcar; sırayı acele etmez.,Pas geçerek tepkisini boşa çıkar; saldırı hazırlığında incele.,"30,31,32,35,36",özel illüstrasyon üretim kuyruğunda
koru-jail-buyucu,Koru / Zindan Birliği — Ritüelci,koru-jail,Koru / Shi Qra,spell,normal,22,32,Ritüelci / Zindan Nöbetçisi,Birim yerine büyü ekonomisini korur; iki büyülük komboyu bekler.,Sessizleştirme; karşı hamle enerjisini tüket.,"30,31,32,35,36",özel illüstrasyon üretim kuyruğunda
koru-jail-toplayici,Koru / Zindan Birliği — Toplayıcı,koru-jail,Koru / Shi Qra,resource,normal,22,32,Toplayıcı / Anahtar Taşıyıcı,Kart çeken düşük maliyetli birimleri korur; elini altının altında tutmaz.,Kaynak üreten birimleri öncelikli hedefle.,"30,31,32,35,36",özel illüstrasyon üretim kuyruğunda
koru-jail-karsici,Koru / Zindan Birliği — Karşıcı,koru-jail,Koru / Shi Qra,counter,normal,22,32,Karşıcı / Zincirci,Rakibin pahalı büyüsünü bekler; en az iki enerji açık bırakır.,Ucuz yem büyüleri; bir turda iki ayrı tehdit.,"30,31,32,35,36",özel illüstrasyon üretim kuyruğunda
koru-jail-dirilen,Koru / Zindan Birliği — Dönen,koru-jail,Koru / Shi Qra,recursion,normal,22,32,Dönen / Hücre Bekçisi,Kayıp birimlerini eline geri alır; ilk ölümü avantaj sayar.,Sürgün; geri alma kartı kullanılmadan baskı.,"30,31,32,35,36",özel illüstrasyon üretim kuyruğunda
koru-jail-donusturucu,Koru / Zindan Birliği — Dönüştürücü,koru-jail,Koru / Shi Qra,evolve,normal,22,32,Dönüştürücü / Tünel Gözcüsü,Üç aile kartından sonra ana tehdidi büyütür; kazanım sayacı görünürdür.,Üçüncü karttan önce ana tehdidi kaldır.,"30,31,32,35,36",özel illüstrasyon üretim kuyruğunda
koru-jail-tuketici,Koru / Zindan Birliği — Tüketici,koru-jail,Koru / Shi Qra,attrition,normal,22,32,Tüketici / Maden Muhafızı,Savunmada küçük takaslarla eli ve canı aşındırır.,Kart avantajı üret; uzun tur döngüsünden kaçın.,"30,31,32,35,36",özel illüstrasyon üretim kuyruğunda
koru-jail-koruyucu,Koru / Zindan Birliği — Koruyucu,koru-jail,Koru / Shi Qra,support,normal,22,32,Koruyucu / Kapı Krov’u,Destek birimini arka sırada korur; yaralıları saldırıya çıkarmaz.,Destek hedefini kaldır; komşuluk zincirini böl.,"30,31,32,35,36",özel illüstrasyon üretim kuyruğunda
koru-jail-elit,Koru / Zindan Birliği — Elit,koru-jail,Koru / Shi Qra,mixed,elite,28,32,Elit / Sürgü Ustası,"Önce savunma kurar, sonra maliyet 4+ tehditle saldırır; tek kombo yerine iki planı vardır.",Maliyetli tehdidi beklet; ilk savunma kaynağını zorla.,"30,31,32,35,36",özel illüstrasyon üretim kuyruğunda
koru-jail-reis,Borin / demir eldiven,koru-jail,Koru / Shi Qra,boss,boss,36,32,Borin / Reis / Mahzen Okçusu,Üç tur kurulumdan sonra komuta hücumu; yarı canda ikinci faza geçer.,Üçüncü tur öncesi hazırlık; faz geçişine iki cevap sakla.,"26,29,30,31",özel illüstrasyon üretim kuyruğunda
koru-forge-izci,Koru / Demirhane Birliği — İzci,koru-forge,Koru / Shi Qra,tempo,normal,22,32,İzci / Kömür Okçusu,Ucuz birimleri önce oynar; açık enerji bırakıp ilk saldırıyı yoklar.,Erken alan hasarı ve ucuz engelleyiciler.,"26,29,60,61,62",özel illüstrasyon üretim kuyruğunda
koru-forge-surucu,Koru / Demirhane Birliği — Sürücü,koru-forge,Koru / Shi Qra,swarm,normal,22,32,Sürücü / Pota Bekçisi,En az üç birimle saldırır; tek büyük hedefe kaynak harcamaz.,Geniş alan temizliği; yaratılan küçük birimleri kes.,"26,29,60,61,62",özel illüstrasyon üretim kuyruğunda
koru-forge-avci,Koru / Demirhane Birliği — Avcı,koru-forge,Koru / Shi Qra,mark,normal,22,32,Avcı / Su Varili Gözcüsü,Yaralı ve işaretli hedeflere odaklanır; kaldırma büyüsünü şampiyona saklar.,İşareti temizle; savunma öncesi şifa.,"26,29,60,61,62",özel illüstrasyon üretim kuyruğunda
koru-forge-muhafiz,Koru / Demirhane Birliği — Muhafız,koru-forge,Koru / Shi Qra,guard,normal,22,32,Muhafız / Ocak Çavuşu,Savunma önceliklidir; komşu korumaları aynı sırada tutar.,Susturma ve farklı hedeflere bölünmüş hasar.,"26,29,60,61,62",özel illüstrasyon üretim kuyruğunda
koru-forge-duellocu,Koru / Demirhane Birliği — Düellocu,koru-forge,Koru / Shi Qra,single,normal,22,32,Düellocu / Zırh Ustası,Tek saldırganını güçlendirir; diğerlerini savunma için bırakır.,Güçlendirme bittikten sonra hedef kaldırma.,"26,29,60,61,62",özel illüstrasyon üretim kuyruğunda
koru-forge-kusatmaci,Koru / Demirhane Birliği — Kuşatmacı,koru-forge,Koru / Shi Qra,siege,normal,22,32,Kuşatmacı / Demirhane Kumandanı,Altıncı tura kadar ağır tehdit kurar; küçük tehditleri takas eder.,Altıncı turdan önce baskı; ağır kart maliyetini artır.,"26,29,60,61,62",özel illüstrasyon üretim kuyruğunda
koru-forge-pusucu,Koru / Demirhane Birliği — Pusucu,koru-forge,Koru / Shi Qra,ambush,normal,22,32,Pusucu / Ocak Muhafızı,Rakip saldırı hazırladıktan sonra kaynak harcar; sırayı acele etmez.,Pas geçerek tepkisini boşa çıkar; saldırı hazırlığında incele.,"26,29,60,61,62",özel illüstrasyon üretim kuyruğunda
koru-forge-buyucu,Koru / Demirhane Birliği — Ritüelci,koru-forge,Koru / Shi Qra,spell,normal,22,32,Ritüelci / Körükçü Asker,Birim yerine büyü ekonomisini korur; iki büyülük komboyu bekler.,Sessizleştirme; karşı hamle enerjisini tüket.,"26,29,60,61,62",özel illüstrasyon üretim kuyruğunda
koru-forge-toplayici,Koru / Demirhane Birliği — Toplayıcı,koru-forge,Koru / Shi Qra,resource,normal,22,32,Toplayıcı / Demir Mızrak,Kart çeken düşük maliyetli birimleri korur; elini altının altında tutmaz.,Kaynak üreten birimleri öncelikli hedefle.,"26,29,60,61,62",özel illüstrasyon üretim kuyruğunda
koru-forge-karsici,Koru / Demirhane Birliği — Karşıcı,koru-forge,Koru / Shi Qra,counter,normal,22,32,Karşıcı / Cüruf Kalkanı,Rakibin pahalı büyüsünü bekler; en az iki enerji açık bırakır.,Ucuz yem büyüleri; bir turda iki ayrı tehdit.,"26,29,60,61,62",özel illüstrasyon üretim kuyruğunda
koru-forge-dirilen,Koru / Demirhane Birliği — Dönen,koru-forge,Koru / Shi Qra,recursion,normal,22,32,Dönen / Dövme Zırhlı,Kayıp birimlerini eline geri alır; ilk ölümü avantaj sayar.,Sürgün; geri alma kartı kullanılmadan baskı.,"26,29,60,61,62",özel illüstrasyon üretim kuyruğunda
koru-forge-donusturucu,Koru / Demirhane Birliği — Dönüştürücü,koru-forge,Koru / Shi Qra,evolve,normal,22,32,Dönüştürücü / Çekiç Taşıyıcı,Üç aile kartından sonra ana tehdidi büyütür; kazanım sayacı görünürdür.,Üçüncü karttan önce ana tehdidi kaldır.,"26,29,60,61,62",özel illüstrasyon üretim kuyruğunda
koru-forge-tuketici,Koru / Demirhane Birliği — Tüketici,koru-forge,Koru / Shi Qra,attrition,normal,22,32,Tüketici / Kömür Okçusu,Savunmada küçük takaslarla eli ve canı aşındırır.,Kart avantajı üret; uzun tur döngüsünden kaçın.,"26,29,60,61,62",özel illüstrasyon üretim kuyruğunda
koru-forge-koruyucu,Koru / Demirhane Birliği — Koruyucu,koru-forge,Koru / Shi Qra,support,normal,22,32,Koruyucu / Pota Bekçisi,Destek birimini arka sırada korur; yaralıları saldırıya çıkarmaz.,Destek hedefini kaldır; komşuluk zincirini böl.,"26,29,60,61,62",özel illüstrasyon üretim kuyruğunda
koru-forge-elit,Koru / Demirhane Birliği — Elit,koru-forge,Koru / Shi Qra,mixed,elite,28,32,Elit / Su Varili Gözcüsü,"Önce savunma kurar, sonra maliyet 4+ tehditle saldırır; tek kombo yerine iki planı vardır.",Maliyetli tehdidi beklet; ilk savunma kaynağını zorla.,"26,29,60,61,62",özel illüstrasyon üretim kuyruğunda
koru-forge-reis,Koru / Demirhane Birliği — Reis,koru-forge,Koru / Shi Qra,boss,boss,36,32,Reis / Ocak Çavuşu,Üç tur kurulumdan sonra komuta hücumu; yarı canda ikinci faza geçer.,Üçüncü tur öncesi hazırlık; faz geçişine iki cevap sakla.,"26,29,60,61,62",özel illüstrasyon üretim kuyruğunda
valerus-loyal-izci,Valerus’un Sadık Birliği — İzci,valerus-loyal,Koru / Teomli,tempo,normal,22,32,İzci / Gizli Teslimatçı,Ucuz birimleri önce oynar; açık enerji bırakıp ilk saldırıyı yoklar.,Erken alan hasarı ve ucuz engelleyiciler.,"25,30,32,64,65",özel illüstrasyon üretim kuyruğunda
valerus-loyal-surucu,Valerus’un Sadık Birliği — Sürücü,valerus-loyal,Koru / Teomli,swarm,normal,22,32,Sürücü / Kapalı Vizör,En az üç birimle saldırır; tek büyük hedefe kaynak harcamaz.,Geniş alan temizliği; yaratılan küçük birimleri kes.,"25,30,32,64,65",özel illüstrasyon üretim kuyruğunda
valerus-loyal-avci,Valerus’un Sadık Birliği — Avcı,valerus-loyal,Koru / Teomli,mark,normal,22,32,Avcı / Kumandan Yaveri,Yaralı ve işaretli hedeflere odaklanır; kaldırma büyüsünü şampiyona saklar.,İşareti temizle; savunma öncesi şifa.,"25,30,32,64,65",özel illüstrasyon üretim kuyruğunda
valerus-loyal-muhafiz,Valerus’un Sadık Birliği — Muhafız,valerus-loyal,Koru / Teomli,guard,normal,22,32,Muhafız / Yeminli Asker,Savunma önceliklidir; komşu korumaları aynı sırada tutar.,Susturma ve farklı hedeflere bölünmüş hasar.,"25,30,32,64,65",özel illüstrasyon üretim kuyruğunda
valerus-loyal-duellocu,Valerus’un Sadık Birliği — Düellocu,valerus-loyal,Koru / Teomli,single,normal,22,32,Düellocu / Bölük Reisi,Tek saldırganını güçlendirir; diğerlerini savunma için bırakır.,Güçlendirme bittikten sonra hedef kaldırma.,"25,30,32,64,65",özel illüstrasyon üretim kuyruğunda
valerus-loyal-kusatmaci,Valerus’un Sadık Birliği — Kuşatmacı,valerus-loyal,Koru / Teomli,siege,normal,22,32,Kuşatmacı / Sadık Kalkan,Altıncı tura kadar ağır tehdit kurar; küçük tehditleri takas eder.,Altıncı turdan önce baskı; ağır kart maliyetini artır.,"25,30,32,64,65",özel illüstrasyon üretim kuyruğunda
valerus-loyal-pusucu,Valerus’un Sadık Birliği — Pusucu,valerus-loyal,Koru / Teomli,ambush,normal,22,32,Pusucu / Doğu Mızrakçısı,Rakip saldırı hazırladıktan sonra kaynak harcar; sırayı acele etmez.,Pas geçerek tepkisini boşa çıkar; saldırı hazırlığında incele.,"25,30,32,64,65",özel illüstrasyon üretim kuyruğunda
valerus-loyal-buyucu,Valerus’un Sadık Birliği — Ritüelci,valerus-loyal,Koru / Teomli,spell,normal,22,32,Ritüelci / Ziyafet Nöbetçisi,Birim yerine büyü ekonomisini korur; iki büyülük komboyu bekler.,Sessizleştirme; karşı hamle enerjisini tüket.,"25,30,32,64,65",özel illüstrasyon üretim kuyruğunda
valerus-loyal-toplayici,Valerus’un Sadık Birliği — Toplayıcı,valerus-loyal,Koru / Teomli,resource,normal,22,32,Toplayıcı / Liderin Okçusu,Kart çeken düşük maliyetli birimleri korur; elini altının altında tutmaz.,Kaynak üreten birimleri öncelikli hedefle.,"25,30,32,64,65",özel illüstrasyon üretim kuyruğunda
valerus-loyal-karsici,Valerus’un Sadık Birliği — Karşıcı,valerus-loyal,Koru / Teomli,counter,normal,22,32,Karşıcı / Salon Muhafızı,Rakibin pahalı büyüsünü bekler; en az iki enerji açık bırakır.,Ucuz yem büyüleri; bir turda iki ayrı tehdit.,"25,30,32,64,65",özel illüstrasyon üretim kuyruğunda
valerus-loyal-dirilen,Valerus’un Sadık Birliği — Dönen,valerus-loyal,Koru / Teomli,recursion,normal,22,32,Dönen / Söz Taşıyıcı,Kayıp birimlerini eline geri alır; ilk ölümü avantaj sayar.,Sürgün; geri alma kartı kullanılmadan baskı.,"25,30,32,64,65",özel illüstrasyon üretim kuyruğunda
valerus-loyal-donusturucu,Valerus’un Sadık Birliği — Dönüştürücü,valerus-loyal,Koru / Teomli,evolve,normal,22,32,Dönüştürücü / Direniş Onbaşısı,Üç aile kartından sonra ana tehdidi büyütür; kazanım sayacı görünürdür.,Üçüncü karttan önce ana tehdidi kaldır.,"25,30,32,64,65",özel illüstrasyon üretim kuyruğunda
valerus-loyal-tuketici,Valerus’un Sadık Birliği — Tüketici,valerus-loyal,Koru / Teomli,attrition,normal,22,32,Tüketici / Gizli Teslimatçı,Savunmada küçük takaslarla eli ve canı aşındırır.,Kart avantajı üret; uzun tur döngüsünden kaçın.,"25,30,32,64,65",özel illüstrasyon üretim kuyruğunda
valerus-loyal-koruyucu,Valerus’un Sadık Birliği — Koruyucu,valerus-loyal,Koru / Teomli,support,normal,22,32,Koruyucu / Kapalı Vizör,Destek birimini arka sırada korur; yaralıları saldırıya çıkarmaz.,Destek hedefini kaldır; komşuluk zincirini böl.,"25,30,32,64,65",özel illüstrasyon üretim kuyruğunda
valerus-loyal-elit,Valerus’un Sadık Birliği — Elit,valerus-loyal,Koru / Teomli,mixed,elite,28,32,Elit / Kumandan Yaveri,"Önce savunma kurar, sonra maliyet 4+ tehditle saldırır; tek kombo yerine iki planı vardır.",Maliyetli tehdidi beklet; ilk savunma kaynağını zorla.,"25,30,32,64,65",özel illüstrasyon üretim kuyruğunda
valerus-loyal-reis,Valerus / sadakat ziyafeti,valerus-loyal,Koru / Teomli,boss,boss,36,32,Valerus / Reis / Yeminli Asker,Üç tur kurulumdan sonra komuta hücumu; yarı canda ikinci faza geçer.,Üçüncü tur öncesi hazırlık; faz geçişine iki cevap sakla.,"25,26,29,64,65",özel illüstrasyon üretim kuyruğunda
council-izci,Konsey / Gölge Yolu — İzci,council,Kızıl Kale / Val Teresh,tempo,normal,22,32,İzci / Mühür Okuyucusu,Ucuz birimleri önce oynar; açık enerji bırakıp ilk saldırıyı yoklar.,Erken alan hasarı ve ucuz engelleyiciler.,"63,64,65,66,83,91",özel illüstrasyon üretim kuyruğunda
council-surucu,Konsey / Gölge Yolu — Sürücü,council,Kızıl Kale / Val Teresh,swarm,normal,22,32,Sürücü / İrade Gözcüsü,En az üç birimle saldırır; tek büyük hedefe kaynak harcamaz.,Geniş alan temizliği; yaratılan küçük birimleri kes.,"63,64,65,66,83,91",özel illüstrasyon üretim kuyruğunda
council-avci,Konsey / Gölge Yolu — Avcı,council,Kızıl Kale / Val Teresh,mark,normal,22,32,Avcı / Gölge Elçisi,Yaralı ve işaretli hedeflere odaklanır; kaldırma büyüsünü şampiyona saklar.,İşareti temizle; savunma öncesi şifa.,"63,64,65,66,83,91",özel illüstrasyon üretim kuyruğunda
council-muhafiz,Konsey / Gölge Yolu — Muhafız,council,Kızıl Kale / Val Teresh,guard,normal,22,32,Muhafız / Buyruk Nazırı,Savunma önceliklidir; komşu korumaları aynı sırada tutar.,Susturma ve farklı hedeflere bölünmüş hasar.,"63,64,65,66,83,91",özel illüstrasyon üretim kuyruğunda
council-duellocu,Konsey / Gölge Yolu — Düellocu,council,Kızıl Kale / Val Teresh,single,normal,22,32,Düellocu / Mühür Taşıyıcı,Tek saldırganını güçlendirir; diğerlerini savunma için bırakır.,Güçlendirme bittikten sonra hedef kaldırma.,"63,64,65,66,83,91",özel illüstrasyon üretim kuyruğunda
council-kusatmaci,Konsey / Gölge Yolu — Kuşatmacı,council,Kızıl Kale / Val Teresh,siege,normal,22,32,Kuşatmacı / Gölge Kâtibi,Altıncı tura kadar ağır tehdit kurar; küçük tehditleri takas eder.,Altıncı turdan önce baskı; ağır kart maliyetini artır.,"63,64,65,66,83,91",özel illüstrasyon üretim kuyruğunda
council-pusucu,Konsey / Gölge Yolu — Pusucu,council,Kızıl Kale / Val Teresh,ambush,normal,22,32,Pusucu / Siyah Asa,Rakip saldırı hazırladıktan sonra kaynak harcar; sırayı acele etmez.,Pas geçerek tepkisini boşa çıkar; saldırı hazırlığında incele.,"63,64,65,66,83,91",özel illüstrasyon üretim kuyruğunda
council-buyucu,Konsey Elçisi / Gölge Yolu,council,Kızıl Kale / Val Teresh,spell,normal,22,32,Konsey Elçisi / Ritüelci / Elçinin Gözcüsü,Birim yerine büyü ekonomisini korur; iki büyülük komboyu bekler.,Sessizleştirme; karşı hamle enerjisini tüket.,"63,64,65,66",özel illüstrasyon üretim kuyruğunda
council-toplayici,Konsey / Gölge Yolu — Toplayıcı,council,Kızıl Kale / Val Teresh,resource,normal,22,32,Toplayıcı / Kapı Yazıcısı,Kart çeken düşük maliyetli birimleri korur; elini altının altında tutmaz.,Kaynak üreten birimleri öncelikli hedefle.,"63,64,65,66,83,91",özel illüstrasyon üretim kuyruğunda
council-karsici,Konsey / Gölge Yolu — Karşıcı,council,Kızıl Kale / Val Teresh,counter,normal,22,32,Karşıcı / Konsey Hizmetlisi,Rakibin pahalı büyüsünü bekler; en az iki enerji açık bırakır.,Ucuz yem büyüleri; bir turda iki ayrı tehdit.,"63,64,65,66,83,91",özel illüstrasyon üretim kuyruğunda
council-dirilen,Konsey / Gölge Yolu — Dönen,council,Kızıl Kale / Val Teresh,recursion,normal,22,32,Dönen / Duman Habercisi,Kayıp birimlerini eline geri alır; ilk ölümü avantaj sayar.,Sürgün; geri alma kartı kullanılmadan baskı.,"63,64,65,66,83,91",özel illüstrasyon üretim kuyruğunda
council-donusturucu,Konsey / Gölge Yolu — Dönüştürücü,council,Kızıl Kale / Val Teresh,evolve,normal,22,32,Dönüştürücü / Karanlık Arabulucu,Üç aile kartından sonra ana tehdidi büyütür; kazanım sayacı görünürdür.,Üçüncü karttan önce ana tehdidi kaldır.,"63,64,65,66,83,91",özel illüstrasyon üretim kuyruğunda
council-tuketici,Konsey / Gölge Yolu — Tüketici,council,Kızıl Kale / Val Teresh,attrition,normal,22,32,Tüketici / Mühür Okuyucusu,Savunmada küçük takaslarla eli ve canı aşındırır.,Kart avantajı üret; uzun tur döngüsünden kaçın.,"63,64,65,66,83,91",özel illüstrasyon üretim kuyruğunda
council-koruyucu,Konsey / Gölge Yolu — Koruyucu,council,Kızıl Kale / Val Teresh,support,normal,22,32,Koruyucu / İrade Gözcüsü,Destek birimini arka sırada korur; yaralıları saldırıya çıkarmaz.,Destek hedefini kaldır; komşuluk zincirini böl.,"63,64,65,66,83,91",özel illüstrasyon üretim kuyruğunda
council-elit,Konsey / Gölge Yolu — Elit,council,Kızıl Kale / Val Teresh,mixed,elite,28,32,Elit / Gölge Elçisi,"Önce savunma kurar, sonra maliyet 4+ tehditle saldırır; tek kombo yerine iki planı vardır.",Maliyetli tehdidi beklet; ilk savunma kaynağını zorla.,"63,64,65,66,83,91",özel illüstrasyon üretim kuyruğunda
council-reis,Konsey / Gölge Yolu — Reis,council,Kızıl Kale / Val Teresh,boss,boss,36,32,Reis / Buyruk Nazırı,Üç tur kurulumdan sonra komuta hücumu; yarı canda ikinci faza geçer.,Üçüncü tur öncesi hazırlık; faz geçişine iki cevap sakla.,"63,64,65,66,83,91",özel illüstrasyon üretim kuyruğunda
butterfly-guard-izci,Kızıl Kale / Kelebek Muhafızları — İzci,butterfly-guard,Kızıl Kale / Val Teresh,tempo,normal,22,32,İzci / İç Kapı Bekçisi,Ucuz birimleri önce oynar; açık enerji bırakıp ilk saldırıyı yoklar.,Erken alan hasarı ve ucuz engelleyiciler.,"88,89,94,99",özel illüstrasyon üretim kuyruğunda
butterfly-guard-surucu,Kızıl Kale / Kelebek Muhafızları — Sürücü,butterfly-guard,Kızıl Kale / Val Teresh,swarm,normal,22,32,Sürücü / Naibenin Muhafızı,En az üç birimle saldırır; tek büyük hedefe kaynak harcamaz.,Geniş alan temizliği; yaratılan küçük birimleri kes.,"88,89,94,99",özel illüstrasyon üretim kuyruğunda
butterfly-guard-avci,Kızıl Kale / Kelebek Muhafızları — Avcı,butterfly-guard,Kızıl Kale / Val Teresh,mark,normal,22,32,Avcı / Kale Kumandanı,Yaralı ve işaretli hedeflere odaklanır; kaldırma büyüsünü şampiyona saklar.,İşareti temizle; savunma öncesi şifa.,"88,89,94,99",özel illüstrasyon üretim kuyruğunda
butterfly-guard-muhafiz,Kızıl Kale / Kelebek Muhafızları — Muhafız,butterfly-guard,Kızıl Kale / Val Teresh,guard,normal,22,32,Muhafız / Ağızsız Maske,Savunma önceliklidir; komşu korumaları aynı sırada tutar.,Susturma ve farklı hedeflere bölünmüş hasar.,"88,89,94,99",özel illüstrasyon üretim kuyruğunda
butterfly-guard-duellocu,Kızıl Kale / Kelebek Muhafızları — Düellocu,butterfly-guard,Kızıl Kale / Val Teresh,single,normal,22,32,Düellocu / Koridor Muhafızı,Tek saldırganını güçlendirir; diğerlerini savunma için bırakır.,Güçlendirme bittikten sonra hedef kaldırma.,"88,89,94,99",özel illüstrasyon üretim kuyruğunda
butterfly-guard-kusatmaci,Kızıl Kale / Kelebek Muhafızları — Kuşatmacı,butterfly-guard,Kızıl Kale / Val Teresh,siege,normal,22,32,Kuşatmacı / Kelebek Nöbetçisi,Altıncı tura kadar ağır tehdit kurar; küçük tehditleri takas eder.,Altıncı turdan önce baskı; ağır kart maliyetini artır.,"88,89,94,99",özel illüstrasyon üretim kuyruğunda
butterfly-guard-pusucu,Kızıl Kale / Kelebek Muhafızları — Pusucu,butterfly-guard,Kızıl Kale / Val Teresh,ambush,normal,22,32,Pusucu / Siyah Metal Kalkan,Rakip saldırı hazırladıktan sonra kaynak harcar; sırayı acele etmez.,Pas geçerek tepkisini boşa çıkar; saldırı hazırlığında incele.,"88,89,94,99",özel illüstrasyon üretim kuyruğunda
butterfly-guard-buyucu,Kızıl Kale / Kelebek Muhafızları — Ritüelci,butterfly-guard,Kızıl Kale / Val Teresh,spell,normal,22,32,Ritüelci / Merdiven Gardiyanı,Birim yerine büyü ekonomisini korur; iki büyülük komboyu bekler.,Sessizleştirme; karşı hamle enerjisini tüket.,"88,89,94,99",özel illüstrasyon üretim kuyruğunda
butterfly-guard-toplayici,Kızıl Kale / Kelebek Muhafızları — Toplayıcı,butterfly-guard,Kızıl Kale / Val Teresh,resource,normal,22,32,Toplayıcı / Asalı Gözcü,Kart çeken düşük maliyetli birimleri korur; elini altının altında tutmaz.,Kaynak üreten birimleri öncelikli hedefle.,"88,89,94,99",özel illüstrasyon üretim kuyruğunda
butterfly-guard-karsici,Kızıl Kale / Kelebek Muhafızları — Karşıcı,butterfly-guard,Kızıl Kale / Val Teresh,counter,normal,22,32,Karşıcı / Taç Maskesi,Rakibin pahalı büyüsünü bekler; en az iki enerji açık bırakır.,Ucuz yem büyüleri; bir turda iki ayrı tehdit.,"88,89,94,99",özel illüstrasyon üretim kuyruğunda
butterfly-guard-dirilen,Kızıl Kale / Kelebek Muhafızları — Dönen,butterfly-guard,Kızıl Kale / Val Teresh,recursion,normal,22,32,Dönen / Hücre Anahtarcısı,Kayıp birimlerini eline geri alır; ilk ölümü avantaj sayar.,Sürgün; geri alma kartı kullanılmadan baskı.,"88,89,94,99",özel illüstrasyon üretim kuyruğunda
butterfly-guard-donusturucu,Kızıl Kale / Kelebek Muhafızları — Dönüştürücü,butterfly-guard,Kızıl Kale / Val Teresh,evolve,normal,22,32,Dönüştürücü / Kızıl Salon Askeri,Üç aile kartından sonra ana tehdidi büyütür; kazanım sayacı görünürdür.,Üçüncü karttan önce ana tehdidi kaldır.,"88,89,94,99",özel illüstrasyon üretim kuyruğunda
butterfly-guard-tuketici,Kızıl Kale / Kelebek Muhafızları — Tüketici,butterfly-guard,Kızıl Kale / Val Teresh,attrition,normal,22,32,Tüketici / İç Kapı Bekçisi,Savunmada küçük takaslarla eli ve canı aşındırır.,Kart avantajı üret; uzun tur döngüsünden kaçın.,"88,89,94,99",özel illüstrasyon üretim kuyruğunda
butterfly-guard-koruyucu,Kızıl Kale / Kelebek Muhafızları — Koruyucu,butterfly-guard,Kızıl Kale / Val Teresh,support,normal,22,32,Koruyucu / Naibenin Muhafızı,Destek birimini arka sırada korur; yaralıları saldırıya çıkarmaz.,Destek hedefini kaldır; komşuluk zincirini böl.,"88,89,94,99",özel illüstrasyon üretim kuyruğunda
butterfly-guard-elit,Kızıl Kale / Kelebek Muhafızları — Elit,butterfly-guard,Kızıl Kale / Val Teresh,mixed,elite,28,32,Elit / Kale Kumandanı,"Önce savunma kurar, sonra maliyet 4+ tehditle saldırır; tek kombo yerine iki planı vardır.",Maliyetli tehdidi beklet; ilk savunma kaynağını zorla.,"88,89,94,99",özel illüstrasyon üretim kuyruğunda
butterfly-guard-reis,Kızıl Kale / Kelebek Muhafızları — Reis,butterfly-guard,Kızıl Kale / Val Teresh,boss,boss,36,32,Reis / Ağızsız Maske,Üç tur kurulumdan sonra komuta hücumu; yarı canda ikinci faza geçer.,Üçüncü tur öncesi hazırlık; faz geçişine iki cevap sakla.,"88,89,94,99",özel illüstrasyon üretim kuyruğunda
living-fortress-izci,Kızıl Kale / Canlı Taş — İzci,living-fortress,Kızıl Kale / Val Teresh,tempo,normal,22,32,İzci / Kızıl Kemer,Ucuz birimleri önce oynar; açık enerji bırakıp ilk saldırıyı yoklar.,Erken alan hasarı ve ucuz engelleyiciler.,"86,88,91,94,100",özel illüstrasyon üretim kuyruğunda
living-fortress-surucu,Kızıl Kale / Canlı Taş — Sürücü,living-fortress,Kızıl Kale / Val Teresh,swarm,normal,22,32,Sürücü / Kalenin Kalbi,En az üç birimle saldırır; tek büyük hedefe kaynak harcamaz.,Geniş alan temizliği; yaratılan küçük birimleri kes.,"86,88,91,94,100",özel illüstrasyon üretim kuyruğunda
living-fortress-avci,Kızıl Kale / Canlı Taş — Avcı,living-fortress,Kızıl Kale / Val Teresh,mark,normal,22,32,Avcı / Duvar Damarı,Yaralı ve işaretli hedeflere odaklanır; kaldırma büyüsünü şampiyona saklar.,İşareti temizle; savunma öncesi şifa.,"86,88,91,94,100",özel illüstrasyon üretim kuyruğunda
living-fortress-muhafiz,Kızıl Kale / Canlı Taş — Muhafız,living-fortress,Kızıl Kale / Val Teresh,guard,normal,22,32,Muhafız / Taş Kulak,Savunma önceliklidir; komşu korumaları aynı sırada tutar.,Susturma ve farklı hedeflere bölünmüş hasar.,"86,88,91,94,100",özel illüstrasyon üretim kuyruğunda
living-fortress-duellocu,Kızıl Kale / Canlı Taş — Düellocu,living-fortress,Kızıl Kale / Val Teresh,single,normal,22,32,Düellocu / Kızıl Yarık,Tek saldırganını güçlendirir; diğerlerini savunma için bırakır.,Güçlendirme bittikten sonra hedef kaldırma.,"86,88,91,94,100",özel illüstrasyon üretim kuyruğunda
living-fortress-kusatmaci,Kızıl Kale / Canlı Taş — Kuşatmacı,living-fortress,Kızıl Kale / Val Teresh,siege,normal,22,32,Kuşatmacı / Zincir Kancası,Altıncı tura kadar ağır tehdit kurar; küçük tehditleri takas eder.,Altıncı turdan önce baskı; ağır kart maliyetini artır.,"86,88,91,94,100",özel illüstrasyon üretim kuyruğunda
living-fortress-pusucu,Kızıl Kale / Canlı Taş — Pusucu,living-fortress,Kızıl Kale / Val Teresh,ambush,normal,22,32,Pusucu / Metal Dalga,Rakip saldırı hazırladıktan sonra kaynak harcar; sırayı acele etmez.,Pas geçerek tepkisini boşa çıkar; saldırı hazırlığında incele.,"86,88,91,94,100",özel illüstrasyon üretim kuyruğunda
living-fortress-buyucu,Kızıl Kale / Canlı Taş — Ritüelci,living-fortress,Kızıl Kale / Val Teresh,spell,normal,22,32,Ritüelci / Koridor Ağzı,Birim yerine büyü ekonomisini korur; iki büyülük komboyu bekler.,Sessizleştirme; karşı hamle enerjisini tüket.,"86,88,91,94,100",özel illüstrasyon üretim kuyruğunda
living-fortress-toplayici,Kızıl Kale / Canlı Taş — Toplayıcı,living-fortress,Kızıl Kale / Val Teresh,resource,normal,22,32,Toplayıcı / Kafatası Nişi,Kart çeken düşük maliyetli birimleri korur; elini altının altında tutmaz.,Kaynak üreten birimleri öncelikli hedefle.,"86,88,91,94,100",özel illüstrasyon üretim kuyruğunda
living-fortress-karsici,Kızıl Kale / Canlı Taş — Karşıcı,living-fortress,Kızıl Kale / Val Teresh,counter,normal,22,32,Karşıcı / Canlı Eşik,Rakibin pahalı büyüsünü bekler; en az iki enerji açık bırakır.,Ucuz yem büyüleri; bir turda iki ayrı tehdit.,"86,88,91,94,100",özel illüstrasyon üretim kuyruğunda
living-fortress-dirilen,Kızıl Kale / Canlı Taş — Dönen,living-fortress,Kızıl Kale / Val Teresh,recursion,normal,22,32,Dönen / Siyah Taht İzi,Kayıp birimlerini eline geri alır; ilk ölümü avantaj sayar.,Sürgün; geri alma kartı kullanılmadan baskı.,"86,88,91,94,100",özel illüstrasyon üretim kuyruğunda
living-fortress-donusturucu,Kızıl Kale / Canlı Taş — Dönüştürücü,living-fortress,Kızıl Kale / Val Teresh,evolve,normal,22,32,Dönüştürücü / Dinleyen Taş,Üç aile kartından sonra ana tehdidi büyütür; kazanım sayacı görünürdür.,Üçüncü karttan önce ana tehdidi kaldır.,"86,88,91,94,100",özel illüstrasyon üretim kuyruğunda
living-fortress-tuketici,Kızıl Kale / Canlı Taş — Tüketici,living-fortress,Kızıl Kale / Val Teresh,attrition,normal,22,32,Tüketici / Kızıl Kemer,Savunmada küçük takaslarla eli ve canı aşındırır.,Kart avantajı üret; uzun tur döngüsünden kaçın.,"86,88,91,94,100",özel illüstrasyon üretim kuyruğunda
living-fortress-koruyucu,Kızıl Kale / Canlı Taş — Koruyucu,living-fortress,Kızıl Kale / Val Teresh,support,normal,22,32,Koruyucu / Kalenin Kalbi,Destek birimini arka sırada korur; yaralıları saldırıya çıkarmaz.,Destek hedefini kaldır; komşuluk zincirini böl.,"86,88,91,94,100",özel illüstrasyon üretim kuyruğunda
living-fortress-elit,Kızıl Kale / Canlı Taş — Elit,living-fortress,Kızıl Kale / Val Teresh,mixed,elite,28,32,Elit / Duvar Damarı,"Önce savunma kurar, sonra maliyet 4+ tehditle saldırır; tek kombo yerine iki planı vardır.",Maliyetli tehdidi beklet; ilk savunma kaynağını zorla.,"86,88,91,94,100",özel illüstrasyon üretim kuyruğunda
living-fortress-reis,Kızıl Kale / Canlı Taş — Reis,living-fortress,Kızıl Kale / Val Teresh,boss,boss,36,32,Reis / Taş Kulak,Üç tur kurulumdan sonra komuta hücumu; yarı canda ikinci faza geçer.,Üçüncü tur öncesi hazırlık; faz geçişine iki cevap sakla.,"86,88,91,94,100",özel illüstrasyon üretim kuyruğunda
ash-scavenger-izci,Kül Tarlaları / Yağmacılar — İzci,ash-scavenger,Kül Tarlaları / Serath,tempo,normal,22,32,İzci / Tarlanın Zorbası,Ucuz birimleri önce oynar; açık enerji bırakıp ilk saldırıyı yoklar.,Erken alan hasarı ve ucuz engelleyiciler.,"14,19,73,74,75",özel illüstrasyon üretim kuyruğunda
ash-scavenger-surucu,Kül Tarlaları / Yağmacılar — Sürücü,ash-scavenger,Kül Tarlaları / Serath,swarm,normal,22,32,Sürücü / Kül Toplayıcı,En az üç birimle saldırır; tek büyük hedefe kaynak harcamaz.,Geniş alan temizliği; yaratılan küçük birimleri kes.,"14,19,73,74,75",özel illüstrasyon üretim kuyruğunda
ash-scavenger-avci,Kül Tarlaları / Yağmacılar — Avcı,ash-scavenger,Kül Tarlaları / Serath,mark,normal,22,32,Avcı / Su Kesici,Yaralı ve işaretli hedeflere odaklanır; kaldırma büyüsünü şampiyona saklar.,İşareti temizle; savunma öncesi şifa.,"14,19,73,74,75",özel illüstrasyon üretim kuyruğunda
ash-scavenger-muhafiz,Kül Tarlaları / Yağmacılar — Muhafız,ash-scavenger,Kül Tarlaları / Serath,guard,normal,22,32,Muhafız / Hurda Okçusu,Savunma önceliklidir; komşu korumaları aynı sırada tutar.,Susturma ve farklı hedeflere bölünmüş hasar.,"14,19,73,74,75",özel illüstrasyon üretim kuyruğunda
ash-scavenger-duellocu,Kül Tarlaları / Yağmacılar — Düellocu,ash-scavenger,Kül Tarlaları / Serath,single,normal,22,32,Düellocu / Boru Saklananı,Tek saldırganını güçlendirir; diğerlerini savunma için bırakır.,Güçlendirme bittikten sonra hedef kaldırma.,"14,19,73,74,75",özel illüstrasyon üretim kuyruğunda
ash-scavenger-kusatmaci,Kül Tarlaları / Yağmacılar — Kuşatmacı,ash-scavenger,Kül Tarlaları / Serath,siege,normal,22,32,Kuşatmacı / Erzak Avcısı,Altıncı tura kadar ağır tehdit kurar; küçük tehditleri takas eder.,Altıncı turdan önce baskı; ağır kart maliyetini artır.,"14,19,73,74,75",özel illüstrasyon üretim kuyruğunda
ash-scavenger-pusucu,Kül Tarlaları / Yağmacılar — Pusucu,ash-scavenger,Kül Tarlaları / Serath,ambush,normal,22,32,Pusucu / Paslı Bıçak,Rakip saldırı hazırladıktan sonra kaynak harcar; sırayı acele etmez.,Pas geçerek tepkisini boşa çıkar; saldırı hazırlığında incele.,"14,19,73,74,75",özel illüstrasyon üretim kuyruğunda
ash-scavenger-buyucu,Kül Tarlaları / Yağmacılar — Ritüelci,ash-scavenger,Kül Tarlaları / Serath,spell,normal,22,32,Ritüelci / Toz Maskesi,Birim yerine büyü ekonomisini korur; iki büyülük komboyu bekler.,Sessizleştirme; karşı hamle enerjisini tüket.,"14,19,73,74,75",özel illüstrasyon üretim kuyruğunda
ash-scavenger-toplayici,Kül Tarlaları / Yağmacılar — Toplayıcı,ash-scavenger,Kül Tarlaları / Serath,resource,normal,22,32,Toplayıcı / Kervan Pusucusu,Kart çeken düşük maliyetli birimleri korur; elini altının altında tutmaz.,Kaynak üreten birimleri öncelikli hedefle.,"14,19,73,74,75",özel illüstrasyon üretim kuyruğunda
ash-scavenger-karsici,Kül Tarlaları / Yağmacılar — Karşıcı,ash-scavenger,Kül Tarlaları / Serath,counter,normal,22,32,Karşıcı / Enkaz Gözcüsü,Rakibin pahalı büyüsünü bekler; en az iki enerji açık bırakır.,Ucuz yem büyüleri; bir turda iki ayrı tehdit.,"14,19,73,74,75",özel illüstrasyon üretim kuyruğunda
ash-scavenger-dirilen,Kül Tarlaları / Yağmacılar — Dönen,ash-scavenger,Kül Tarlaları / Serath,recursion,normal,22,32,Dönen / Gümüş Kesici,Kayıp birimlerini eline geri alır; ilk ölümü avantaj sayar.,Sürgün; geri alma kartı kullanılmadan baskı.,"14,19,73,74,75",özel illüstrasyon üretim kuyruğunda
ash-scavenger-donusturucu,Kül Tarlaları / Yağmacılar — Dönüştürücü,ash-scavenger,Kül Tarlaları / Serath,evolve,normal,22,32,Dönüştürücü / Yağma Reisi,Üç aile kartından sonra ana tehdidi büyütür; kazanım sayacı görünürdür.,Üçüncü karttan önce ana tehdidi kaldır.,"14,19,73,74,75",özel illüstrasyon üretim kuyruğunda
ash-scavenger-tuketici,Kül Tarlaları / Yağmacılar — Tüketici,ash-scavenger,Kül Tarlaları / Serath,attrition,normal,22,32,Tüketici / Tarlanın Zorbası,Savunmada küçük takaslarla eli ve canı aşındırır.,Kart avantajı üret; uzun tur döngüsünden kaçın.,"14,19,73,74,75",özel illüstrasyon üretim kuyruğunda
ash-scavenger-koruyucu,Kül Tarlaları / Yağmacılar — Koruyucu,ash-scavenger,Kül Tarlaları / Serath,support,normal,22,32,Koruyucu / Kül Toplayıcı,Destek birimini arka sırada korur; yaralıları saldırıya çıkarmaz.,Destek hedefini kaldır; komşuluk zincirini böl.,"14,19,73,74,75",özel illüstrasyon üretim kuyruğunda
ash-scavenger-elit,Kül Tarlaları / Yağmacılar — Elit,ash-scavenger,Kül Tarlaları / Serath,mixed,elite,28,32,Elit / Su Kesici,"Önce savunma kurar, sonra maliyet 4+ tehditle saldırır; tek kombo yerine iki planı vardır.",Maliyetli tehdidi beklet; ilk savunma kaynağını zorla.,"14,19,73,74,75",özel illüstrasyon üretim kuyruğunda
ash-scavenger-reis,Kül Tarlaları / Yağmacılar — Reis,ash-scavenger,Kül Tarlaları / Serath,boss,boss,36,32,Reis / Hurda Okçusu,Üç tur kurulumdan sonra komuta hücumu; yarı canda ikinci faza geçer.,Üçüncü tur öncesi hazırlık; faz geçişine iki cevap sakla.,"14,19,73,74,75",özel illüstrasyon üretim kuyruğunda
marsh-visions-izci,Ölüler Bataklığı / Sanrılar — İzci,marsh-visions,Ölüler Bataklığı / Aldemir,tempo,normal,22,32,İzci / Gaz Silueti,Ucuz birimleri önce oynar; açık enerji bırakıp ilk saldırıyı yoklar.,Erken alan hasarı ve ucuz engelleyiciler.,"82,84",özel illüstrasyon üretim kuyruğunda
marsh-visions-surucu,Ölüler Bataklığı / Sanrılar — Sürücü,marsh-visions,Ölüler Bataklığı / Aldemir,swarm,normal,22,32,Sürücü / Boş Yüz,En az üç birimle saldırır; tek büyük hedefe kaynak harcamaz.,Geniş alan temizliği; yaratılan küçük birimleri kes.,"82,84",özel illüstrasyon üretim kuyruğunda
marsh-visions-avci,Ölüler Bataklığı / Sanrılar — Avcı,marsh-visions,Ölüler Bataklığı / Aldemir,mark,normal,22,32,Avcı / Kayıp Asker Yankısı,Yaralı ve işaretli hedeflere odaklanır; kaldırma büyüsünü şampiyona saklar.,İşareti temizle; savunma öncesi şifa.,"82,84",özel illüstrasyon üretim kuyruğunda
marsh-visions-muhafiz,Ölüler Bataklığı / Sanrılar — Muhafız,marsh-visions,Ölüler Bataklığı / Aldemir,guard,normal,22,32,Muhafız / Çamur Eli,Savunma önceliklidir; komşu korumaları aynı sırada tutar.,Susturma ve farklı hedeflere bölünmüş hasar.,"82,84",özel illüstrasyon üretim kuyruğunda
marsh-visions-duellocu,Ölüler Bataklığı / Sanrılar — Düellocu,marsh-visions,Ölüler Bataklığı / Aldemir,single,normal,22,32,Düellocu / Korku Gölgesi,Tek saldırganını güçlendirir; diğerlerini savunma için bırakır.,Güçlendirme bittikten sonra hedef kaldırma.,"82,84",özel illüstrasyon üretim kuyruğunda
marsh-visions-kusatmaci,Ölüler Bataklığı / Sanrılar — Kuşatmacı,marsh-visions,Ölüler Bataklığı / Aldemir,siege,normal,22,32,Kuşatmacı / Bataklık Nefesi,Altıncı tura kadar ağır tehdit kurar; küçük tehditleri takas eder.,Altıncı turdan önce baskı; ağır kart maliyetini artır.,"82,84",özel illüstrasyon üretim kuyruğunda
marsh-visions-pusucu,Ölüler Bataklığı / Sanrılar — Pusucu,marsh-visions,Ölüler Bataklığı / Aldemir,ambush,normal,22,32,Pusucu / Durgun Su Sureti,Rakip saldırı hazırladıktan sonra kaynak harcar; sırayı acele etmez.,Pas geçerek tepkisini boşa çıkar; saldırı hazırlığında incele.,"82,84",özel illüstrasyon üretim kuyruğunda
marsh-visions-buyucu,Ölüler Bataklığı / Sanrılar — Ritüelci,marsh-visions,Ölüler Bataklığı / Aldemir,spell,normal,22,32,Ritüelci / Yas Yansıması,Birim yerine büyü ekonomisini korur; iki büyülük komboyu bekler.,Sessizleştirme; karşı hamle enerjisini tüket.,"82,84",özel illüstrasyon üretim kuyruğunda
marsh-visions-toplayici,Ölüler Bataklığı / Sanrılar — Toplayıcı,marsh-visions,Ölüler Bataklığı / Aldemir,resource,normal,22,32,Toplayıcı / Sis Çığlığı,Kart çeken düşük maliyetli birimleri korur; elini altının altında tutmaz.,Kaynak üreten birimleri öncelikli hedefle.,"82,84",özel illüstrasyon üretim kuyruğunda
marsh-visions-karsici,Ölüler Bataklığı / Sanrılar — Karşıcı,marsh-visions,Ölüler Bataklığı / Aldemir,counter,normal,22,32,Karşıcı / Çürük Bayrak,Rakibin pahalı büyüsünü bekler; en az iki enerji açık bırakır.,Ucuz yem büyüleri; bir turda iki ayrı tehdit.,"82,84",özel illüstrasyon üretim kuyruğunda
marsh-visions-dirilen,Ölüler Bataklığı / Sanrılar — Dönen,marsh-visions,Ölüler Bataklığı / Aldemir,recursion,normal,22,32,Dönen / Ölü Nöbet,Kayıp birimlerini eline geri alır; ilk ölümü avantaj sayar.,Sürgün; geri alma kartı kullanılmadan baskı.,"82,84",özel illüstrasyon üretim kuyruğunda
marsh-visions-donusturucu,Ölüler Bataklığı / Sanrılar — Dönüştürücü,marsh-visions,Ölüler Bataklığı / Aldemir,evolve,normal,22,32,Dönüştürücü / Sanrı Düğümü,Üç aile kartından sonra ana tehdidi büyütür; kazanım sayacı görünürdür.,Üçüncü karttan önce ana tehdidi kaldır.,"82,84",özel illüstrasyon üretim kuyruğunda
marsh-visions-tuketici,Ölüler Bataklığı / Sanrılar — Tüketici,marsh-visions,Ölüler Bataklığı / Aldemir,attrition,normal,22,32,Tüketici / Gaz Silueti,Savunmada küçük takaslarla eli ve canı aşındırır.,Kart avantajı üret; uzun tur döngüsünden kaçın.,"82,84",özel illüstrasyon üretim kuyruğunda
marsh-visions-koruyucu,Ölüler Bataklığı / Sanrılar — Koruyucu,marsh-visions,Ölüler Bataklığı / Aldemir,support,normal,22,32,Koruyucu / Boş Yüz,Destek birimini arka sırada korur; yaralıları saldırıya çıkarmaz.,Destek hedefini kaldır; komşuluk zincirini böl.,"82,84",özel illüstrasyon üretim kuyruğunda
marsh-visions-elit,Ölüler Bataklığı / Sanrılar — Elit,marsh-visions,Ölüler Bataklığı / Aldemir,mixed,elite,28,32,Elit / Kayıp Asker Yankısı,"Önce savunma kurar, sonra maliyet 4+ tehditle saldırır; tek kombo yerine iki planı vardır.",Maliyetli tehdidi beklet; ilk savunma kaynağını zorla.,"82,84",özel illüstrasyon üretim kuyruğunda
marsh-visions-reis,Ölüler Bataklığı / Sanrılar — Reis,marsh-visions,Ölüler Bataklığı / Aldemir,boss,boss,36,32,Reis / Çamur Eli,Üç tur kurulumdan sonra komuta hücumu; yarı canda ikinci faza geçer.,Üçüncü tur öncesi hazırlık; faz geçişine iki cevap sakla.,"82,84",özel illüstrasyon üretim kuyruğunda
pass-raiders-izci,Geçit / Akıncılar — İzci,pass-raiders,Kırık Diş Geçidi / Serath,tempo,normal,22,32,İzci / Kayalık Okçu,Ucuz birimleri önce oynar; açık enerji bırakıp ilk saldırıyı yoklar.,Erken alan hasarı ve ucuz engelleyiciler.,"20,21,28,32,82",özel illüstrasyon üretim kuyruğunda
pass-raiders-surucu,Geçit / Akıncılar — Sürücü,pass-raiders,Kırık Diş Geçidi / Serath,swarm,normal,22,32,Sürücü / İp Kesici,En az üç birimle saldırır; tek büyük hedefe kaynak harcamaz.,Geniş alan temizliği; yaratılan küçük birimleri kes.,"20,21,28,32,82",özel illüstrasyon üretim kuyruğunda
pass-raiders-avci,Geçit / Akıncılar — Avcı,pass-raiders,Kırık Diş Geçidi / Serath,mark,normal,22,32,Avcı / Kaya Pusucusu,Yaralı ve işaretli hedeflere odaklanır; kaldırma büyüsünü şampiyona saklar.,İşareti temizle; savunma öncesi şifa.,"20,21,28,32,82",özel illüstrasyon üretim kuyruğunda
pass-raiders-muhafiz,Geçit / Akıncılar — Muhafız,pass-raiders,Kırık Diş Geçidi / Serath,guard,normal,22,32,Muhafız / Dar Yol Bıçağı,Savunma önceliklidir; komşu korumaları aynı sırada tutar.,Susturma ve farklı hedeflere bölünmüş hasar.,"20,21,28,32,82",özel illüstrasyon üretim kuyruğunda
pass-raiders-duellocu,Geçit / Akıncılar — Düellocu,pass-raiders,Kırık Diş Geçidi / Serath,single,normal,22,32,Düellocu / Halat Akıncısı,Tek saldırganını güçlendirir; diğerlerini savunma için bırakır.,Güçlendirme bittikten sonra hedef kaldırma.,"20,21,28,32,82",özel illüstrasyon üretim kuyruğunda
pass-raiders-kusatmaci,Geçit / Akıncılar — Kuşatmacı,pass-raiders,Kırık Diş Geçidi / Serath,siege,normal,22,32,Kuşatmacı / Çıkıntı Mızrağı,Altıncı tura kadar ağır tehdit kurar; küçük tehditleri takas eder.,Altıncı turdan önce baskı; ağır kart maliyetini artır.,"20,21,28,32,82",özel illüstrasyon üretim kuyruğunda
pass-raiders-pusucu,Geçit / Akıncılar — Pusucu,pass-raiders,Kırık Diş Geçidi / Serath,ambush,normal,22,32,Pusucu / Taş Yağmacısı,Rakip saldırı hazırladıktan sonra kaynak harcar; sırayı acele etmez.,Pas geçerek tepkisini boşa çıkar; saldırı hazırlığında incele.,"20,21,28,32,82",özel illüstrasyon üretim kuyruğunda
pass-raiders-buyucu,Geçit / Akıncılar — Ritüelci,pass-raiders,Kırık Diş Geçidi / Serath,spell,normal,22,32,Ritüelci / Kervan İzleyici,Birim yerine büyü ekonomisini korur; iki büyülük komboyu bekler.,Sessizleştirme; karşı hamle enerjisini tüket.,"20,21,28,32,82",özel illüstrasyon üretim kuyruğunda
pass-raiders-toplayici,Geçit / Akıncılar — Toplayıcı,pass-raiders,Kırık Diş Geçidi / Serath,resource,normal,22,32,Toplayıcı / Uçurum Reisi,Kart çeken düşük maliyetli birimleri korur; elini altının altında tutmaz.,Kaynak üreten birimleri öncelikli hedefle.,"20,21,28,32,82",özel illüstrasyon üretim kuyruğunda
pass-raiders-karsici,Geçit / Akıncılar — Karşıcı,pass-raiders,Kırık Diş Geçidi / Serath,counter,normal,22,32,Karşıcı / Kırık Diş Avcısı,Rakibin pahalı büyüsünü bekler; en az iki enerji açık bırakır.,Ucuz yem büyüleri; bir turda iki ayrı tehdit.,"20,21,28,32,82",özel illüstrasyon üretim kuyruğunda
pass-raiders-dirilen,Geçit / Akıncılar — Dönen,pass-raiders,Kırık Diş Geçidi / Serath,recursion,normal,22,32,Dönen / Geçit Zorbası,Kayıp birimlerini eline geri alır; ilk ölümü avantaj sayar.,Sürgün; geri alma kartı kullanılmadan baskı.,"20,21,28,32,82",özel illüstrasyon üretim kuyruğunda
pass-raiders-donusturucu,Geçit / Akıncılar — Dönüştürücü,pass-raiders,Kırık Diş Geçidi / Serath,evolve,normal,22,32,Dönüştürücü / Geçit Gözcüsü,Üç aile kartından sonra ana tehdidi büyütür; kazanım sayacı görünürdür.,Üçüncü karttan önce ana tehdidi kaldır.,"20,21,28,32,82",özel illüstrasyon üretim kuyruğunda
pass-raiders-tuketici,Geçit / Akıncılar — Tüketici,pass-raiders,Kırık Diş Geçidi / Serath,attrition,normal,22,32,Tüketici / Kayalık Okçu,Savunmada küçük takaslarla eli ve canı aşındırır.,Kart avantajı üret; uzun tur döngüsünden kaçın.,"20,21,28,32,82",özel illüstrasyon üretim kuyruğunda
pass-raiders-koruyucu,Geçit / Akıncılar — Koruyucu,pass-raiders,Kırık Diş Geçidi / Serath,support,normal,22,32,Koruyucu / İp Kesici,Destek birimini arka sırada korur; yaralıları saldırıya çıkarmaz.,Destek hedefini kaldır; komşuluk zincirini böl.,"20,21,28,32,82",özel illüstrasyon üretim kuyruğunda
pass-raiders-elit,Geçit / Akıncılar — Elit,pass-raiders,Kırık Diş Geçidi / Serath,mixed,elite,28,32,Elit / Kaya Pusucusu,"Önce savunma kurar, sonra maliyet 4+ tehditle saldırır; tek kombo yerine iki planı vardır.",Maliyetli tehdidi beklet; ilk savunma kaynağını zorla.,"20,21,28,32,82",özel illüstrasyon üretim kuyruğunda
pass-raiders-reis,Geçit / Akıncılar — Reis,pass-raiders,Kırık Diş Geçidi / Serath,boss,boss,36,32,Reis / Dar Yol Bıçağı,Üç tur kurulumdan sonra komuta hücumu; yarı canda ikinci faza geçer.,Üçüncü tur öncesi hazırlık; faz geçişine iki cevap sakla.,"20,21,28,32,82",özel illüstrasyon üretim kuyruğunda
shi-qra-outlaws-izci,Shi Qra / Kaçak Savaşçılar — İzci,shi-qra-outlaws,Shi Qra,tempo,normal,22,32,İzci / Ocak Serserisi,Ucuz birimleri önce oynar; açık enerji bırakıp ilk saldırıyı yoklar.,Erken alan hasarı ve ucuz engelleyiciler.,"32,39",özel illüstrasyon üretim kuyruğunda
shi-qra-outlaws-surucu,Shi Qra / Kaçak Savaşçılar — Sürücü,shi-qra-outlaws,Shi Qra,swarm,normal,22,32,Sürücü / Taş Kalkan,En az üç birimle saldırır; tek büyük hedefe kaynak harcamaz.,Geniş alan temizliği; yaratılan küçük birimleri kes.,"32,39",özel illüstrasyon üretim kuyruğunda
shi-qra-outlaws-avci,Shi Qra / Kaçak Savaşçılar — Avcı,shi-qra-outlaws,Shi Qra,mark,normal,22,32,Avcı / Keçe Pusucu,Yaralı ve işaretli hedeflere odaklanır; kaldırma büyüsünü şampiyona saklar.,İşareti temizle; savunma öncesi şifa.,"32,39",özel illüstrasyon üretim kuyruğunda
shi-qra-outlaws-muhafiz,Shi Qra / Kaçak Savaşçılar — Muhafız,shi-qra-outlaws,Shi Qra,guard,normal,22,32,Muhafız / Çekiç Akıncı,Savunma önceliklidir; komşu korumaları aynı sırada tutar.,Susturma ve farklı hedeflere bölünmüş hasar.,"32,39",özel illüstrasyon üretim kuyruğunda
shi-qra-outlaws-duellocu,Shi Qra / Kaçak Savaşçılar — Düellocu,shi-qra-outlaws,Shi Qra,single,normal,22,32,Düellocu / Yamaç Gözcüsü,Tek saldırganını güçlendirir; diğerlerini savunma için bırakır.,Güçlendirme bittikten sonra hedef kaldırma.,"32,39",özel illüstrasyon üretim kuyruğunda
shi-qra-outlaws-kusatmaci,Shi Qra / Kaçak Savaşçılar — Kuşatmacı,shi-qra-outlaws,Shi Qra,siege,normal,22,32,Kuşatmacı / Kızıl Sırt Binicisi,Altıncı tura kadar ağır tehdit kurar; küçük tehditleri takas eder.,Altıncı turdan önce baskı; ağır kart maliyetini artır.,"32,39",özel illüstrasyon üretim kuyruğunda
shi-qra-outlaws-pusucu,Shi Qra / Kaçak Savaşçılar — Pusucu,shi-qra-outlaws,Shi Qra,ambush,normal,22,32,Pusucu / Demirkanat Terbiyecisi,Rakip saldırı hazırladıktan sonra kaynak harcar; sırayı acele etmez.,Pas geçerek tepkisini boşa çıkar; saldırı hazırlığında incele.,"32,39",özel illüstrasyon üretim kuyruğunda
shi-qra-outlaws-buyucu,Shi Qra / Kaçak Savaşçılar — Ritüelci,shi-qra-outlaws,Shi Qra,spell,normal,22,32,Ritüelci / Göç Yolu Kesici,Birim yerine büyü ekonomisini korur; iki büyülük komboyu bekler.,Sessizleştirme; karşı hamle enerjisini tüket.,"32,39",özel illüstrasyon üretim kuyruğunda
shi-qra-outlaws-toplayici,Shi Qra / Kaçak Savaşçılar — Toplayıcı,shi-qra-outlaws,Shi Qra,resource,normal,22,32,Toplayıcı / Kaçak Reis,Kart çeken düşük maliyetli birimleri korur; elini altının altında tutmaz.,Kaynak üreten birimleri öncelikli hedefle.,"32,39",özel illüstrasyon üretim kuyruğunda
shi-qra-outlaws-karsici,Shi Qra / Kaçak Savaşçılar — Karşıcı,shi-qra-outlaws,Shi Qra,counter,normal,22,32,Karşıcı / Dağ Düellocusu,Rakibin pahalı büyüsünü bekler; en az iki enerji açık bırakır.,Ucuz yem büyüleri; bir turda iki ayrı tehdit.,"32,39",özel illüstrasyon üretim kuyruğunda
shi-qra-outlaws-dirilen,Shi Qra / Kaçak Savaşçılar — Dönen,shi-qra-outlaws,Shi Qra,recursion,normal,22,32,Dönen / Demir İzci,Kayıp birimlerini eline geri alır; ilk ölümü avantaj sayar.,Sürgün; geri alma kartı kullanılmadan baskı.,"32,39",özel illüstrasyon üretim kuyruğunda
shi-qra-outlaws-donusturucu,Shi Qra / Kaçak Savaşçılar — Dönüştürücü,shi-qra-outlaws,Shi Qra,evolve,normal,22,32,Dönüştürücü / Bozkır Kaçağı,Üç aile kartından sonra ana tehdidi büyütür; kazanım sayacı görünürdür.,Üçüncü karttan önce ana tehdidi kaldır.,"32,39",özel illüstrasyon üretim kuyruğunda
shi-qra-outlaws-tuketici,Shi Qra / Kaçak Savaşçılar — Tüketici,shi-qra-outlaws,Shi Qra,attrition,normal,22,32,Tüketici / Ocak Serserisi,Savunmada küçük takaslarla eli ve canı aşındırır.,Kart avantajı üret; uzun tur döngüsünden kaçın.,"32,39",özel illüstrasyon üretim kuyruğunda
shi-qra-outlaws-koruyucu,Shi Qra / Kaçak Savaşçılar — Koruyucu,shi-qra-outlaws,Shi Qra,support,normal,22,32,Koruyucu / Taş Kalkan,Destek birimini arka sırada korur; yaralıları saldırıya çıkarmaz.,Destek hedefini kaldır; komşuluk zincirini böl.,"32,39",özel illüstrasyon üretim kuyruğunda
shi-qra-outlaws-elit,Shi Qra / Kaçak Savaşçılar — Elit,shi-qra-outlaws,Shi Qra,mixed,elite,28,32,Elit / Keçe Pusucu,"Önce savunma kurar, sonra maliyet 4+ tehditle saldırır; tek kombo yerine iki planı vardır.",Maliyetli tehdidi beklet; ilk savunma kaynağını zorla.,"32,39",özel illüstrasyon üretim kuyruğunda
shi-qra-outlaws-reis,Shi Qra / Kaçak Savaşçılar — Reis,shi-qra-outlaws,Shi Qra,boss,boss,36,32,Reis / Çekiç Akıncı,Üç tur kurulumdan sonra komuta hücumu; yarı canda ikinci faza geçer.,Üçüncü tur öncesi hazırlık; faz geçişine iki cevap sakla.,"32,39",özel illüstrasyon üretim kuyruğunda
forest-predators-izci,Aldemir / Orman Avcıları — İzci,forest-predators,Aldemir,tempo,normal,22,32,İzci / Reçine Sırtı,Ucuz birimleri önce oynar; açık enerji bırakıp ilk saldırıyı yoklar.,Erken alan hasarı ve ucuz engelleyiciler.,,özel illüstrasyon üretim kuyruğunda
forest-predators-surucu,Aldemir / Orman Avcıları — Sürücü,forest-predators,Aldemir,swarm,normal,22,32,Sürücü / Karanlık Vahna,En az üç birimle saldırır; tek büyük hedefe kaynak harcamaz.,Geniş alan temizliği; yaratılan küçük birimleri kes.,,özel illüstrasyon üretim kuyruğunda
forest-predators-avci,Aldemir / Orman Avcıları — Avcı,forest-predators,Aldemir,mark,normal,22,32,Avcı / Yaprak Avcısı,Yaralı ve işaretli hedeflere odaklanır; kaldırma büyüsünü şampiyona saklar.,İşareti temizle; savunma öncesi şifa.,,özel illüstrasyon üretim kuyruğunda
forest-predators-muhafiz,Aldemir / Orman Avcıları — Muhafız,forest-predators,Aldemir,guard,normal,22,32,Muhafız / Diken Sürüneni,Savunma önceliklidir; komşu korumaları aynı sırada tutar.,Susturma ve farklı hedeflere bölünmüş hasar.,,özel illüstrasyon üretim kuyruğunda
forest-predators-duellocu,Aldemir / Orman Avcıları — Düellocu,forest-predators,Aldemir,single,normal,22,32,Düellocu / Çalı Göz,Tek saldırganını güçlendirir; diğerlerini savunma için bırakır.,Güçlendirme bittikten sonra hedef kaldırma.,,özel illüstrasyon üretim kuyruğunda
forest-predators-kusatmaci,Aldemir / Orman Avcıları — Kuşatmacı,forest-predators,Aldemir,siege,normal,22,32,Kuşatmacı / Safir Pusu,Altıncı tura kadar ağır tehdit kurar; küçük tehditleri takas eder.,Altıncı turdan önce baskı; ağır kart maliyetini artır.,,özel illüstrasyon üretim kuyruğunda
forest-predators-pusucu,Aldemir / Orman Avcıları — Pusucu,forest-predators,Aldemir,ambush,normal,22,32,Pusucu / Gürz Gölgesi,Rakip saldırı hazırladıktan sonra kaynak harcar; sırayı acele etmez.,Pas geçerek tepkisini boşa çıkar; saldırı hazırlığında incele.,,özel illüstrasyon üretim kuyruğunda
forest-predators-buyucu,Aldemir / Orman Avcıları — Ritüelci,forest-predators,Aldemir,spell,normal,22,32,Ritüelci / Av Sürüsü,Birim yerine büyü ekonomisini korur; iki büyülük komboyu bekler.,Sessizleştirme; karşı hamle enerjisini tüket.,,özel illüstrasyon üretim kuyruğunda
forest-predators-toplayici,Aldemir / Orman Avcıları — Toplayıcı,forest-predators,Aldemir,resource,normal,22,32,Toplayıcı / Orman Baskını,Kart çeken düşük maliyetli birimleri korur; elini altının altında tutmaz.,Kaynak üreten birimleri öncelikli hedefle.,,özel illüstrasyon üretim kuyruğunda
forest-predators-karsici,Aldemir / Orman Avcıları — Karşıcı,forest-predators,Aldemir,counter,normal,22,32,Karşıcı / Kök Pençesi,Rakibin pahalı büyüsünü bekler; en az iki enerji açık bırakır.,Ucuz yem büyüleri; bir turda iki ayrı tehdit.,,özel illüstrasyon üretim kuyruğunda
forest-predators-dirilen,Aldemir / Orman Avcıları — Dönen,forest-predators,Aldemir,recursion,normal,22,32,Dönen / Göl Dişi,Kayıp birimlerini eline geri alır; ilk ölümü avantaj sayar.,Sürgün; geri alma kartı kullanılmadan baskı.,,özel illüstrasyon üretim kuyruğunda
forest-predators-donusturucu,Aldemir / Orman Avcıları — Dönüştürücü,forest-predators,Aldemir,evolve,normal,22,32,Dönüştürücü / Orman Pusucusu,Üç aile kartından sonra ana tehdidi büyütür; kazanım sayacı görünürdür.,Üçüncü karttan önce ana tehdidi kaldır.,,özel illüstrasyon üretim kuyruğunda
forest-predators-tuketici,Aldemir / Orman Avcıları — Tüketici,forest-predators,Aldemir,attrition,normal,22,32,Tüketici / Reçine Sırtı,Savunmada küçük takaslarla eli ve canı aşındırır.,Kart avantajı üret; uzun tur döngüsünden kaçın.,,özel illüstrasyon üretim kuyruğunda
forest-predators-koruyucu,Aldemir / Orman Avcıları — Koruyucu,forest-predators,Aldemir,support,normal,22,32,Koruyucu / Karanlık Vahna,Destek birimini arka sırada korur; yaralıları saldırıya çıkarmaz.,Destek hedefini kaldır; komşuluk zincirini böl.,,özel illüstrasyon üretim kuyruğunda
forest-predators-elit,Aldemir / Orman Avcıları — Elit,forest-predators,Aldemir,mixed,elite,28,32,Elit / Yaprak Avcısı,"Önce savunma kurar, sonra maliyet 4+ tehditle saldırır; tek kombo yerine iki planı vardır.",Maliyetli tehdidi beklet; ilk savunma kaynağını zorla.,,özel illüstrasyon üretim kuyruğunda
forest-predators-reis,Aldemir / Orman Avcıları — Reis,forest-predators,Aldemir,boss,boss,36,32,Reis / Diken Sürüneni,Üç tur kurulumdan sonra komuta hücumu; yarı canda ikinci faza geçer.,Üçüncü tur öncesi hazırlık; faz geçişine iki cevap sakla.,,özel illüstrasyon üretim kuyruğunda
desert-hunters-izci,Zağra Khur / Kum Avcıları — İzci,desert-hunters,Zağra Khur,tempo,normal,22,32,İzci / Karathaxi Yavrusu,Ucuz birimleri önce oynar; açık enerji bırakıp ilk saldırıyı yoklar.,Erken alan hasarı ve ucuz engelleyiciler.,,özel illüstrasyon üretim kuyruğunda
desert-hunters-surucu,Zağra Khur / Kum Avcıları — Sürücü,desert-hunters,Zağra Khur,swarm,normal,22,32,Sürücü / Vaha Pususu,En az üç birimle saldırır; tek büyük hedefe kaynak harcamaz.,Geniş alan temizliği; yaratılan küçük birimleri kes.,,özel illüstrasyon üretim kuyruğunda
desert-hunters-avci,Zağra Khur / Kum Avcıları — Avcı,desert-hunters,Zağra Khur,mark,normal,22,32,Avcı / Kum Çenesi,Yaralı ve işaretli hedeflere odaklanır; kaldırma büyüsünü şampiyona saklar.,İşareti temizle; savunma öncesi şifa.,,özel illüstrasyon üretim kuyruğunda
desert-hunters-muhafiz,Zağra Khur / Kum Avcıları — Muhafız,desert-hunters,Zağra Khur,guard,normal,22,32,Muhafız / Taş Sığınanı,Savunma önceliklidir; komşu korumaları aynı sırada tutar.,Susturma ve farklı hedeflere bölünmüş hasar.,,özel illüstrasyon üretim kuyruğunda
desert-hunters-duellocu,Zağra Khur / Kum Avcıları — Düellocu,desert-hunters,Zağra Khur,single,normal,22,32,Düellocu / Gömülü Omurga,Tek saldırganını güçlendirir; diğerlerini savunma için bırakır.,Güçlendirme bittikten sonra hedef kaldırma.,,özel illüstrasyon üretim kuyruğunda
desert-hunters-kusatmaci,Zağra Khur / Kum Avcıları — Kuşatmacı,desert-hunters,Zağra Khur,siege,normal,22,32,Kuşatmacı / Cam Kuyruk,Altıncı tura kadar ağır tehdit kurar; küçük tehditleri takas eder.,Altıncı turdan önce baskı; ağır kart maliyetini artır.,,özel illüstrasyon üretim kuyruğunda
desert-hunters-pusucu,Zağra Khur / Kum Avcıları — Pusucu,desert-hunters,Zağra Khur,ambush,normal,22,32,Pusucu / Karathaxi Öncüsü,Rakip saldırı hazırladıktan sonra kaynak harcar; sırayı acele etmez.,Pas geçerek tepkisini boşa çıkar; saldırı hazırlığında incele.,,özel illüstrasyon üretim kuyruğunda
desert-hunters-buyucu,Zağra Khur / Kum Avcıları — Ritüelci,desert-hunters,Zağra Khur,spell,normal,22,32,Ritüelci / Kumun Yutucusu,Birim yerine büyü ekonomisini korur; iki büyülük komboyu bekler.,Sessizleştirme; karşı hamle enerjisini tüket.,,özel illüstrasyon üretim kuyruğunda
desert-hunters-toplayici,Zağra Khur / Kum Avcıları — Toplayıcı,desert-hunters,Zağra Khur,resource,normal,22,32,Toplayıcı / Kum Pençesi,Kart çeken düşük maliyetli birimleri korur; elini altının altında tutmaz.,Kaynak üreten birimleri öncelikli hedefle.,,özel illüstrasyon üretim kuyruğunda
desert-hunters-karsici,Zağra Khur / Kum Avcıları — Karşıcı,desert-hunters,Zağra Khur,counter,normal,22,32,Karşıcı / Kuyu Avcısı,Rakibin pahalı büyüsünü bekler; en az iki enerji açık bırakır.,Ucuz yem büyüleri; bir turda iki ayrı tehdit.,,özel illüstrasyon üretim kuyruğunda
desert-hunters-dirilen,Zağra Khur / Kum Avcıları — Dönen,desert-hunters,Zağra Khur,recursion,normal,22,32,Dönen / Cam Kabuk,Kayıp birimlerini eline geri alır; ilk ölümü avantaj sayar.,Sürgün; geri alma kartı kullanılmadan baskı.,,özel illüstrasyon üretim kuyruğunda
desert-hunters-donusturucu,Zağra Khur / Kum Avcıları — Dönüştürücü,desert-hunters,Zağra Khur,evolve,normal,22,32,Dönüştürücü / Titreşim İzci,Üç aile kartından sonra ana tehdidi büyütür; kazanım sayacı görünürdür.,Üçüncü karttan önce ana tehdidi kaldır.,,özel illüstrasyon üretim kuyruğunda
desert-hunters-tuketici,Zağra Khur / Kum Avcıları — Tüketici,desert-hunters,Zağra Khur,attrition,normal,22,32,Tüketici / Karathaxi Yavrusu,Savunmada küçük takaslarla eli ve canı aşındırır.,Kart avantajı üret; uzun tur döngüsünden kaçın.,,özel illüstrasyon üretim kuyruğunda
desert-hunters-koruyucu,Zağra Khur / Kum Avcıları — Koruyucu,desert-hunters,Zağra Khur,support,normal,22,32,Koruyucu / Vaha Pususu,Destek birimini arka sırada korur; yaralıları saldırıya çıkarmaz.,Destek hedefini kaldır; komşuluk zincirini böl.,,özel illüstrasyon üretim kuyruğunda
desert-hunters-elit,Zağra Khur / Kum Avcıları — Elit,desert-hunters,Zağra Khur,mixed,elite,28,32,Elit / Kum Çenesi,"Önce savunma kurar, sonra maliyet 4+ tehditle saldırır; tek kombo yerine iki planı vardır.",Maliyetli tehdidi beklet; ilk savunma kaynağını zorla.,,özel illüstrasyon üretim kuyruğunda
desert-hunters-reis,Zağra Khur / Kum Avcıları — Reis,desert-hunters,Zağra Khur,boss,boss,36,32,Reis / Taş Sığınanı,Üç tur kurulumdan sonra komuta hücumu; yarı canda ikinci faza geçer.,Üçüncü tur öncesi hazırlık; faz geçişine iki cevap sakla.,,özel illüstrasyon üretim kuyruğunda
frost-predators-izci,Ebedi Buzullar / Aç Yırtıcılar — İzci,frost-predators,Ebedi Buzullar,tempo,normal,22,32,İzci / Soğuk Çene,Ucuz birimleri önce oynar; açık enerji bırakıp ilk saldırıyı yoklar.,Erken alan hasarı ve ucuz engelleyiciler.,,özel illüstrasyon üretim kuyruğunda
frost-predators-surucu,Ebedi Buzullar / Aç Yırtıcılar — Sürücü,frost-predators,Ebedi Buzullar,swarm,normal,22,32,Sürücü / Sığınak Takipçisi,En az üç birimle saldırır; tek büyük hedefe kaynak harcamaz.,Geniş alan temizliği; yaratılan küçük birimleri kes.,,özel illüstrasyon üretim kuyruğunda
frost-predators-avci,Ebedi Buzullar / Aç Yırtıcılar — Avcı,frost-predators,Ebedi Buzullar,mark,normal,22,32,Avcı / Buz Kuyruk,Yaralı ve işaretli hedeflere odaklanır; kaldırma büyüsünü şampiyona saklar.,İşareti temizle; savunma öncesi şifa.,,özel illüstrasyon üretim kuyruğunda
frost-predators-muhafiz,Ebedi Buzullar / Aç Yırtıcılar — Muhafız,frost-predators,Ebedi Buzullar,guard,normal,22,32,Muhafız / Fırtına Avcısı,Savunma önceliklidir; komşu korumaları aynı sırada tutar.,Susturma ve farklı hedeflere bölünmüş hasar.,,özel illüstrasyon üretim kuyruğunda
frost-predators-duellocu,Ebedi Buzullar / Aç Yırtıcılar — Düellocu,frost-predators,Ebedi Buzullar,single,normal,22,32,Düellocu / Donmuş Omurga,Tek saldırganını güçlendirir; diğerlerini savunma için bırakır.,Güçlendirme bittikten sonra hedef kaldırma.,,özel illüstrasyon üretim kuyruğunda
frost-predators-kusatmaci,Ebedi Buzullar / Aç Yırtıcılar — Kuşatmacı,frost-predators,Ebedi Buzullar,siege,normal,22,32,Kuşatmacı / Vesuni Öncüsü,Altıncı tura kadar ağır tehdit kurar; küçük tehditleri takas eder.,Altıncı turdan önce baskı; ağır kart maliyetini artır.,,özel illüstrasyon üretim kuyruğunda
frost-predators-pusucu,Ebedi Buzullar / Aç Yırtıcılar — Pusucu,frost-predators,Ebedi Buzullar,ambush,normal,22,32,Pusucu / Buzul Yırtıcısı,Rakip saldırı hazırladıktan sonra kaynak harcar; sırayı acele etmez.,Pas geçerek tepkisini boşa çıkar; saldırı hazırlığında incele.,,özel illüstrasyon üretim kuyruğunda
frost-predators-buyucu,Ebedi Buzullar / Aç Yırtıcılar — Ritüelci,frost-predators,Ebedi Buzullar,spell,normal,22,32,Ritüelci / Kar Vahnası,Birim yerine büyü ekonomisini korur; iki büyülük komboyu bekler.,Sessizleştirme; karşı hamle enerjisini tüket.,,özel illüstrasyon üretim kuyruğunda
frost-predators-toplayici,Ebedi Buzullar / Aç Yırtıcılar — Toplayıcı,frost-predators,Ebedi Buzullar,resource,normal,22,32,Toplayıcı / Buz Koklayan,Kart çeken düşük maliyetli birimleri korur; elini altının altında tutmaz.,Kaynak üreten birimleri öncelikli hedefle.,,özel illüstrasyon üretim kuyruğunda
frost-predators-karsici,Ebedi Buzullar / Aç Yırtıcılar — Karşıcı,frost-predators,Ebedi Buzullar,counter,normal,22,32,Karşıcı / Aç Vesuni,Rakibin pahalı büyüsünü bekler; en az iki enerji açık bırakır.,Ucuz yem büyüleri; bir turda iki ayrı tehdit.,,özel illüstrasyon üretim kuyruğunda
frost-predators-dirilen,Ebedi Buzullar / Aç Yırtıcılar — Dönen,frost-predators,Ebedi Buzullar,recursion,normal,22,32,Dönen / Kırağı Pençesi,Kayıp birimlerini eline geri alır; ilk ölümü avantaj sayar.,Sürgün; geri alma kartı kullanılmadan baskı.,,özel illüstrasyon üretim kuyruğunda
frost-predators-donusturucu,Ebedi Buzullar / Aç Yırtıcılar — Dönüştürücü,frost-predators,Ebedi Buzullar,evolve,normal,22,32,Dönüştürücü / Kar İzcisi,Üç aile kartından sonra ana tehdidi büyütür; kazanım sayacı görünürdür.,Üçüncü karttan önce ana tehdidi kaldır.,,özel illüstrasyon üretim kuyruğunda
frost-predators-tuketici,Ebedi Buzullar / Aç Yırtıcılar — Tüketici,frost-predators,Ebedi Buzullar,attrition,normal,22,32,Tüketici / Soğuk Çene,Savunmada küçük takaslarla eli ve canı aşındırır.,Kart avantajı üret; uzun tur döngüsünden kaçın.,,özel illüstrasyon üretim kuyruğunda
frost-predators-koruyucu,Ebedi Buzullar / Aç Yırtıcılar — Koruyucu,frost-predators,Ebedi Buzullar,support,normal,22,32,Koruyucu / Sığınak Takipçisi,Destek birimini arka sırada korur; yaralıları saldırıya çıkarmaz.,Destek hedefini kaldır; komşuluk zincirini böl.,,özel illüstrasyon üretim kuyruğunda
frost-predators-elit,Ebedi Buzullar / Aç Yırtıcılar — Elit,frost-predators,Ebedi Buzullar,mixed,elite,28,32,Elit / Buz Kuyruk,"Önce savunma kurar, sonra maliyet 4+ tehditle saldırır; tek kombo yerine iki planı vardır.",Maliyetli tehdidi beklet; ilk savunma kaynağını zorla.,,özel illüstrasyon üretim kuyruğunda
frost-predators-reis,Ebedi Buzullar / Aç Yırtıcılar — Reis,frost-predators,Ebedi Buzullar,boss,boss,36,32,Reis / Fırtına Avcısı,Üç tur kurulumdan sonra komuta hücumu; yarı canda ikinci faza geçer.,Üçüncü tur öncesi hazırlık; faz geçişine iki cevap sakla.,,özel illüstrasyon üretim kuyruğunda
